id,contract_reference,payment_date,type,amount_paid
19578,C41540014,2021-07-30T05:39:18.794501,Downpayment,0.00
19787,C42500017,2021-08-03T10:46:59.018403,Downpayment,0.00
19788,C42500017,2021-08-03T10:47:01.88558,,33.00
19943,C43450014,2021-08-05T07:44:09.892928,Downpayment,0.00
19944,C43450014,2021-08-05T07:44:14.35165,,50.00
20024,C46290011,2021-08-05T12:54:43.098315,Downpayment,0.00
20025,C46290011,2021-08-05T12:54:48.628442,,6.00
20045,C44360014,2021-08-05T13:43:14.993488,Downpayment,0.00
20046,C44360014,2021-08-05T13:43:20.64174,,108.00
20112,C45230018,2021-08-06T07:19:25.416848,Downpayment,0.00
20113,C45230018,2021-08-06T07:19:32.024439,,206.00
20144,C43100015,2021-08-06T09:39:09.410404,Downpayment,0.00
20145,C43100015,2021-08-06T09:39:15.496594,,10.00
20193,C42790014,2021-08-06T10:51:25.836374,Downpayment,0.00
20194,C42790014,2021-08-06T10:51:31.809163,,86.00
20225,C45880010,2021-08-06T12:07:50.040743,Downpayment,0.00
20250,C46430013,2021-08-06T12:12:29.952628,Downpayment,0.00
20281,C46630018,2021-08-06T13:44:18.513912,Downpayment,0.00
20282,C46630018,2021-08-06T13:44:25.700004,,5.00
20542,C43120013,2021-08-07T07:08:27.28791,Downpayment,0.00
20543,C43120013,2021-08-07T07:08:34.961287,,416.00
20613,C41870015,2021-08-07T07:16:53.178437,Downpayment,0.00
20614,C41870015,2021-08-07T07:17:01.877491,,8.00
20767,C48460018,2021-08-07T09:13:00.812651,Downpayment,0.00
20965,C37840014,2021-08-08T13:29:03.921907,Downpayment,0.00
20978,C43100015,2021-08-08T17:01:30.086529,,600.00
21327,C50260017,2021-08-09T06:18:01.282168,Downpayment,0.00
21328,C50260017,2021-08-09T06:18:14.378717,,98.00
21436,C45090016,2021-08-09T07:02:28.775714,Downpayment,0.00
21437,C45090016,2021-08-09T07:02:44.140807,,95.00
21600,C51350015,2021-08-09T07:13:01.722787,Downpayment,0.00
21601,C51350015,2021-08-09T07:13:16.384453,,433.00
21773,C51760015,2021-08-09T07:36:22.278908,Downpayment,0.00
21774,C51760015,2021-08-09T07:36:36.900174,,54.00
21956,C46690012,2021-08-09T08:02:43.004309,Downpayment,0.00
21957,C46690012,2021-08-09T08:03:00.202789,,15.00
22084,C42800011,2021-08-09T08:13:16.351154,Downpayment,0.00
22085,C42800011,2021-08-09T08:13:31.926823,,174.00
22218,C43100015,2021-08-09T08:25:17.89708,,10.00
22219,C51760015,2021-08-09T08:26:08.731081,,50.00
22571,C45090016,2021-08-09T10:42:27.65265,,1000.00
22790,C45960010,2021-08-09T11:28:18.273768,Downpayment,0.00
22791,C45960010,2021-08-09T11:28:36.086751,,25.00
23098,C46840013,2021-08-09T12:07:51.133297,Downpayment,0.00
23099,C46840013,2021-08-09T12:08:13.40363,,5.00
23177,C42710012,2021-08-09T12:11:04.613711,Downpayment,0.00
23178,C42710012,2021-08-09T12:11:25.838807,,4.00
23180,C45090016,2021-08-09T12:34:02.406354,,13.00
23505,C48560015,2021-08-09T12:49:57.55297,Downpayment,0.00
23506,C48560015,2021-08-09T12:50:20.421163,,46.00
25106,C53310017,2021-08-10T07:03:09.46422,Downpayment,0.00
25107,C53310017,2021-08-10T07:03:35.841605,,7.00
25498,C50100015,2021-08-10T08:42:43.761834,Downpayment,0.00
25499,C50100015,2021-08-10T08:43:08.126096,,5.00
25601,C46370011,2021-08-10T09:23:03.509995,Downpayment,0.00
25602,C46370011,2021-08-10T09:23:30.70045,,48.00
26990,C44460012,2021-08-10T13:31:44.535033,Downpayment,0.00
26991,C44460012,2021-08-10T13:32:24.048015,,1174.00
27107,C49710015,2021-08-10T14:16:16.665458,Downpayment,0.00
27108,C49710015,2021-08-10T14:16:53.861646,,3.00
27221,C49700016,2021-08-10T14:18:24.305047,Downpayment,0.00
27222,C49700016,2021-08-10T14:19:02.139695,,3.00
27469,C44460012,2021-08-10T17:51:39.55351,,158.00
27834,C49980014,2021-08-11T06:20:24.168278,Downpayment,0.00
27835,C49980014,2021-08-11T06:20:53.542666,,330.00
28322,C44910016,2021-08-11T06:59:19.495284,Downpayment,0.00
28323,C44910016,2021-08-11T06:59:54.670639,,4.00
28573,C57100018,2021-08-11T08:02:09.765587,Downpayment,0.00
28574,C57100018,2021-08-11T08:02:44.433029,,114.00
29478,C56390016,2021-08-11T09:40:26.109879,Downpayment,0.00
29479,C56390016,2021-08-11T09:41:02.859731,,53.00
29880,C51020014,2021-08-11T10:10:25.118952,Downpayment,0.00
29881,C51020014,2021-08-11T10:11:03.735442,,1.00
31288,C44510014,2021-08-11T12:37:59.128255,Downpayment,0.00
31584,C51460012,2021-08-11T13:28:08.742874,Downpayment,0.00
31585,C51460012,2021-08-11T13:28:53.091848,,174.00
31586,C44910016,2021-08-11T13:30:18.131845,,20.00
31587,C44910016,2021-08-11T13:36:17.598916,,100.00
31797,C43670017,2021-08-12T06:42:33.841469,Downpayment,0.00
31798,C51420016,2021-08-12T06:52:25.191514,Downpayment,0.00
31799,C51420016,2021-08-12T06:52:25.191514,,5.00
31800,C51460012,2021-08-12T06:52:34.005432,,50.00
31821,C47390018,2021-08-12T08:25:45.748398,Downpayment,0.00
31822,C47390018,2021-08-12T08:25:45.748398,,2.00
31832,C43270016,2021-08-12T09:42:30.806852,Downpayment,0.00
31833,C43270016,2021-08-12T09:42:30.806852,,1.00
31876,C49940018,2021-08-12T14:27:31.44473,Downpayment,0.00
31877,C49940018,2021-08-12T14:27:31.44473,,26.00
31878,C53890018,2021-08-12T14:32:10.955764,Downpayment,0.00
31879,C53890018,2021-08-12T14:32:10.955764,,7.00
31912,C45160017,2021-08-13T06:30:58.078628,Downpayment,0.00
31913,C45160017,2021-08-13T06:30:58.078628,,41.00
31916,C42610014,2021-08-13T06:58:44.7012,Downpayment,0.00
31917,C42610014,2021-08-13T06:58:44.7012,,1138.00
31918,C45050010,2021-08-13T07:08:26.213116,Downpayment,0.00
31919,C45050010,2021-08-13T07:08:26.213116,,279.00
31929,C53830014,2021-08-13T07:58:55.817203,Downpayment,0.00
31930,C53830014,2021-08-13T07:58:55.817203,,75.00
31934,C51740017,2021-08-13T08:22:57.827845,Downpayment,0.00
31935,C51740017,2021-08-13T08:22:57.827845,,174.00
31941,C44770014,2021-08-13T09:00:32.459518,Downpayment,0.00
31942,C44770014,2021-08-13T09:00:32.459518,,105.00
31963,C61160016,2021-08-13T10:43:48.847168,Downpayment,0.00
31964,C61160016,2021-08-13T10:43:48.847168,,495.00
31972,C60460011,2021-08-13T11:02:45.350095,Downpayment,0.00
31973,C60460011,2021-08-13T11:02:45.350095,,12.00
31974,C45500014,2021-08-13T11:06:28.90309,Downpayment,0.00
31975,C45500014,2021-08-13T11:06:28.90309,,7.00
31976,C45120011,2021-08-13T11:09:16.589486,Downpayment,0.00
31977,C45120011,2021-08-13T11:09:16.589486,,6.00
31993,C53150017,2021-08-13T12:10:55.006405,Downpayment,0.00
31994,C53150017,2021-08-13T12:10:55.006405,,41.00
32010,C50770015,2021-08-13T13:22:12.606656,Downpayment,0.00
32011,C50770015,2021-08-13T13:22:12.606656,,387.00
32012,C53670014,2021-08-13T13:31:46.811975,Downpayment,0.00
32013,C53670014,2021-08-13T13:31:46.811975,,2.00
32014,C43440015,2021-08-13T13:47:32.887691,Downpayment,0.00
32017,C59610014,2021-08-13T14:10:05.891512,Downpayment,0.00
32018,C59610014,2021-08-13T14:10:05.891512,,154.00
32029,C50770015,2021-08-13T17:42:02.373802,,20.00
32045,C65810012,2021-08-14T06:42:38.21922,Downpayment,0.00
32051,C48260012,2021-08-14T07:12:25.764436,Downpayment,0.00
32052,C48260012,2021-08-14T07:12:25.764436,,133.00
32053,C44910016,2021-08-14T05:15:38.894613,,900.00
32062,C63730014,2021-08-14T07:49:35.533616,Downpayment,0.00
32063,C63730014,2021-08-14T07:49:35.533616,,41.00
32077,C65860017,2021-08-14T08:52:07.215298,Downpayment,0.00
32078,C65860017,2021-08-14T08:52:07.215298,,5096.00
32086,C63490015,2021-08-14T09:07:56.603419,Downpayment,0.00
32087,C63490015,2021-08-14T09:07:56.603419,,10.00
32109,C50770015,2021-08-14T14:29:25.902224,,100.00
32110,C50770015,2021-08-14T14:33:57.833556,,100.00
32111,C50770015,2021-08-14T14:35:23.012948,,100.00
32112,C50770015,2021-08-14T14:41:58.689372,,100.00
32127,C58720012,2021-08-15T07:06:02.348788,Downpayment,0.00
32140,C51740017,2021-08-15T18:18:23.705459,,100.00
32175,C54540018,2021-08-16T06:07:41.79782,Downpayment,0.00
32176,C54540018,2021-08-16T06:07:41.79782,,445.00
32177,C70030010,2021-08-16T06:11:40.636682,Downpayment,0.00
32178,C70030010,2021-08-16T06:11:40.636682,,13.00
32181,C70360011,2021-08-16T06:22:20.300577,Downpayment,0.00
32182,C70360011,2021-08-16T06:22:20.300577,,24.00
32192,C64330012,2021-08-16T06:58:23.356486,Downpayment,0.00
32193,C64330012,2021-08-16T06:58:23.356486,,7.00
32194,C44340016,2021-08-16T07:04:46.244005,Downpayment,0.00
32195,C44340016,2021-08-16T07:04:46.244005,,133.00
32196,C45130010,2021-08-16T07:11:03.147517,Downpayment,0.00
32197,C45130010,2021-08-16T07:11:03.147517,,12.00
32219,C73260010,2021-08-16T08:01:05.711508,Downpayment,0.00
32220,C73260010,2021-08-16T08:01:05.711508,,24.00
32231,C57210015,2021-08-16T08:27:45.076502,Downpayment,0.00
32232,C57210015,2021-08-16T08:27:45.076502,,842.00
32242,C51570018,2021-08-16T08:52:28.200421,Downpayment,0.00
32243,C51570018,2021-08-16T08:52:28.200421,,414.00
32246,C43320019,2021-08-16T08:56:53.569835,Downpayment,0.00
32247,C43320019,2021-08-16T08:56:53.569835,,113.00
32250,C50320019,2021-08-16T09:10:40.33584,Downpayment,0.00
32251,C50320019,2021-08-16T09:10:40.33584,,244.00
32252,C57270019,2021-08-16T09:19:09.332679,Downpayment,0.00
32253,C57270019,2021-08-16T09:19:09.332679,,106.00
32261,C60510013,2021-08-16T09:33:38.180592,Downpayment,0.00
32262,C60510013,2021-08-16T09:33:38.180592,,27.00
32288,C45320017,2021-08-16T10:21:06.594231,Downpayment,0.00
32289,C45320017,2021-08-16T10:21:06.594231,,862.00
32290,C45280013,2021-08-16T10:22:28.560243,Downpayment,0.00
32291,C45280013,2021-08-16T10:22:28.560243,,580.00
32292,C70700018,2021-08-16T10:26:50.755523,Downpayment,0.00
32295,C47530019,2021-08-16T10:32:38.942965,Downpayment,0.00
32296,C47530019,2021-08-16T10:32:38.942965,,112.00
32299,C51360014,2021-08-16T10:39:50.817307,Downpayment,0.00
32300,C51360014,2021-08-16T10:39:50.817307,,15.00
32322,C45960010,2021-08-12T18:47:14.689341,,1000.00
32325,C45960010,2021-08-14T14:27:45.690447,,1000.00
32326,C46500013,2021-08-16T11:49:03.236586,Downpayment,0.00
32327,C46500013,2021-08-16T11:49:03.236586,,113.00
32332,C63600019,2021-08-16T11:58:55.187179,Downpayment,0.00
32333,C63600019,2021-08-16T11:58:55.187179,,6.00
32336,C74950015,2021-08-16T12:01:03.642419,Downpayment,0.00
32337,C74950015,2021-08-16T12:01:03.642419,,151.00
32338,C47890017,2021-08-16T12:04:28.967559,Downpayment,0.00
32340,C74930017,2021-08-16T12:15:44.458495,Downpayment,0.00
32341,C74930017,2021-08-16T12:15:44.458495,,325.00
32351,C73980013,2021-08-16T12:34:23.774619,Downpayment,0.00
32352,C73980013,2021-08-16T12:34:23.774619,,71.00
32354,C74880014,2021-08-16T12:37:43.881933,Downpayment,0.00
32355,C74880014,2021-08-16T12:37:43.881933,,106.00
32356,C64610017,2021-08-16T12:39:44.49979,Downpayment,0.00
32358,C45930013,2021-08-16T12:56:32.359783,Downpayment,0.00
32359,C45930013,2021-08-16T12:56:32.359783,,8.00
32378,C60570017,2021-08-16T13:25:07.668661,Downpayment,0.00
32379,C60570017,2021-08-16T13:25:07.668661,,207.00
32384,C46650016,2021-08-16T13:31:16.285754,Downpayment,0.00
32387,C46760013,2021-08-16T13:36:08.172047,Downpayment,0.00
32388,C46760013,2021-08-16T13:36:08.172047,,7.00
32391,C73200016,2021-08-16T13:49:51.135805,Downpayment,0.00
32392,C73200016,2021-08-16T13:49:51.135805,,241.00
32397,C55220016,2021-08-16T14:00:27.318667,Downpayment,0.00
32398,C55220016,2021-08-16T14:00:27.318667,,105.00
32399,C72430010,2021-08-16T14:18:08.294146,Downpayment,0.00
32400,C72430010,2021-08-16T14:18:08.294146,,386.00
32404,C64600018,2021-08-16T14:28:33.025707,Downpayment,0.00
32405,C64600018,2021-08-16T14:28:33.025707,,136.00
32416,C60490018,2021-08-16T16:13:31.618456,Downpayment,0.00
32417,C60490018,2021-08-16T16:13:31.618456,,12.00
32421,C45130010,2021-08-16T18:04:04.119862,,23.00
32422,C45130010,2021-08-16T18:06:50.149736,,50.00
32425,C54540018,2021-08-16T18:20:48.16882,,100.00
32427,C75320010,2021-08-16T18:37:20.02511,Downpayment,0.00
32428,C75320010,2021-08-16T18:37:20.02511,,13.00
32432,C66780016,2021-08-16T18:45:11.968785,Downpayment,0.00
32433,C66780016,2021-08-16T18:45:11.968785,,7.00
32468,C45280013,2021-08-17T07:26:55.680512,,200.00
32475,C46290011,2021-08-13,,266.00
32476,C46500013,2021-08-17T08:04:13.246651,,19.00
32477,C46760013,2021-08-17T08:04:13.981065,,500.00
32489,C54540018,2021-08-17T08:04:22.848505,,170.00
32495,C58690017,2021-08-17T08:10:10.824623,Downpayment,0.00
32496,C58690017,2021-08-17T08:10:10.824623,,441.00
32497,C76320019,2021-08-17T08:11:03.604181,Downpayment,0.00
32498,C76320019,2021-08-17T08:11:03.604181,,7.00
32501,C53030011,2021-08-17T08:18:44.635204,Downpayment,0.00
32505,C42730010,2021-08-17T08:30:35.369851,Downpayment,0.00
32506,C42730010,2021-08-17T08:30:35.369851,,7.00
32512,C58970013,2021-08-17T08:44:49.437395,Downpayment,0.00
32513,C58970013,2021-08-17T08:44:49.437395,,7.00
32516,C55130017,2021-08-17T08:50:27.75308,Downpayment,0.00
32517,C55130017,2021-08-17T08:50:27.75308,,400.00
32524,C43090018,2021-08-17T09:11:22.43754,Downpayment,0.00
32525,C43090018,2021-08-17T09:11:22.43754,,27.00
32535,C61820015,2021-08-17T09:35:11.017741,Downpayment,0.00
32536,C61820015,2021-08-17T09:35:11.017741,,12.00
32537,C55480016,2021-08-17T09:36:36.693293,Downpayment,0.00
32538,C55480016,2021-08-17T09:36:36.693293,,209.00
32539,C54020011,2021-08-17T09:37:10.645328,Downpayment,0.00
32540,C54020011,2021-08-17T09:37:10.645328,,103.00
32542,C57010019,2021-08-17T09:42:24.145038,Downpayment,0.00
32543,C57010019,2021-08-17T09:42:24.145038,,54.00
32545,C73550014,2021-08-17T09:50:38.225107,Downpayment,0.00
32546,C73550014,2021-08-17T09:50:38.225107,,191.00
32555,C77050011,2021-08-17T10:08:22.513141,Downpayment,0.00
32556,C77050011,2021-08-17T10:08:22.513141,,154.00
32557,C51680015,2021-08-17T10:12:43.60711,Downpayment,0.00
32558,C51680015,2021-08-17T10:12:43.60711,,155.00
32563,C59110015,2021-08-17T10:29:47.661346,Downpayment,0.00
32564,C59110015,2021-08-17T10:29:47.661346,,107.00
32565,C47100011,2021-08-17T10:40:56.36722,Downpayment,0.00
32568,C53150017,2021-08-17T10:42:31.499112,,775.00
32571,C57070013,2021-08-17T10:59:38.243968,Downpayment,0.00
32572,C57070013,2021-08-17T10:59:38.243968,,33.00
32575,C54390018,2021-08-17T11:13:27.282584,Downpayment,0.00
32576,C54390018,2021-08-17T11:13:27.282584,,480.00
32584,C50320019,2021-08-17T11:50:25.193894,,200.00
32592,C55560015,2021-08-17T12:00:27.92691,Downpayment,0.00
32593,C55560015,2021-08-17T12:00:27.92691,,61.00
32601,C78310018,2021-08-17T12:12:19.256385,Downpayment,0.00
32602,C78310018,2021-08-17T12:12:19.256385,,154.00
32605,C78010014,2021-08-17T12:26:30.826063,Downpayment,0.00
32606,C78010014,2021-08-17T12:26:30.826063,,64.00
32609,C45620010,2021-08-17T12:38:19.04134,Downpayment,0.00
32610,C45620010,2021-08-17T12:38:19.04134,,212.00
32614,C77920015,2021-08-17T12:57:34.897217,Downpayment,0.00
32615,C77920015,2021-08-17T12:57:34.897217,,21.00
32625,C52620010,2021-08-17T13:33:58.990854,Downpayment,0.00
32626,C52620010,2021-08-17T13:33:58.990854,,7.00
32630,C53720017,2021-08-17T13:39:46.285438,Downpayment,0.00
32631,C53720017,2021-08-17T13:39:46.285438,,109.00
32632,C56140015,2021-08-17T13:41:02.977989,Downpayment,0.00
32633,C56140015,2021-08-17T13:41:02.977989,,259.00
32634,C45160017,2021-08-17T13:46:14.680065,,1000.00
32641,C44620011,2021-08-17T14:05:26.37613,Downpayment,0.00
32642,C44620011,2021-08-17T14:05:26.37613,,6.00
32643,C55270011,2021-08-17T14:07:59.576015,Downpayment,0.00
32644,C55270011,2021-08-17T14:07:59.576015,,50.00
32654,C44470011,2021-08-17T14:32:43.339135,Downpayment,0.00
32679,C77940013,2021-08-18T05:37:32.552227,Downpayment,0.00
32680,C77940013,2021-08-18T05:37:32.552227,,1350.00
32681,C43450014,2021-08-18T05:39:07.774406,,700.00
32682,C77380012,2021-08-18T05:44:25.423802,Downpayment,0.00
32683,C77380012,2021-08-18T05:44:25.423802,,14.00
32689,C62780010,2021-08-18T06:02:52.038128,Downpayment,0.00
32690,C62780010,2021-08-18T06:02:52.038128,,1174.00
32693,C71010011,2021-08-18T06:13:04.404479,Downpayment,0.00
32694,C71010011,2021-08-18T06:13:04.404479,,838.00
32695,C43540012,2021-08-18T06:14:10.695273,Downpayment,0.00
32696,C43540012,2021-08-18T06:14:10.695273,,46.00
32697,C59520015,2021-08-18T06:25:08.507878,Downpayment,0.00
32698,C59520015,2021-08-18T06:25:08.507878,,45.00
32706,C69170017,2021-08-18T07:14:01.216685,Downpayment,0.00
32707,C69170017,2021-08-18T07:14:01.216685,,158.00
32709,C79100012,2021-08-18T07:23:13.800675,Downpayment,0.00
32710,C79100012,2021-08-18T07:23:13.800675,,77.00
32712,C72840010,2021-08-18T07:28:49.205454,Downpayment,0.00
32713,C72840010,2021-08-18T07:28:49.205454,,45.00
32721,C77930014,2021-08-18T07:42:32.068734,Downpayment,0.00
32722,C77930014,2021-08-18T07:42:32.068734,,80.00
32728,C52180015,2021-08-18T07:56:28.991306,Downpayment,0.00
32729,C52180015,2021-08-18T07:56:28.991306,,22.00
32734,C73310013,2021-08-18T08:03:11.946371,Downpayment,0.00
32735,C73310013,2021-08-18T08:03:11.946371,,6.00
32751,C63820013,2021-08-18T09:08:22.853148,Downpayment,0.00
32752,C63820013,2021-08-18T09:08:22.853148,,2.00
32758,C77030013,2021-08-18T09:15:40.252108,Downpayment,0.00
32759,C77030013,2021-08-18T09:15:40.252108,,33.00
32762,C81150013,2021-08-18T09:18:30.604376,Downpayment,0.00
32763,C81150013,2021-08-18T09:18:30.604376,,6.00
32766,C79210019,2021-08-18T09:21:03.390465,Downpayment,0.00
32767,C79210019,2021-08-18T09:21:03.390465,,110.00
32768,C71030019,2021-08-18T09:23:14.272238,Downpayment,0.00
32773,C52040011,2021-08-18T09:28:17.952903,Downpayment,0.00
32774,C52040011,2021-08-18T09:28:17.952903,,145.00
32779,C65440018,2021-08-18T09:33:58.860337,Downpayment,0.00
32780,C65440018,2021-08-18T09:33:58.860337,,6.00
32783,C70350012,2021-08-18T09:44:48.284306,Downpayment,0.00
32784,C70350012,2021-08-18T09:44:48.284306,,21.00
32785,C68190016,2021-08-18T09:49:31.625187,Downpayment,0.00
32786,C68190016,2021-08-18T09:49:31.625187,,179.00
32797,C45540010,2021-08-18T10:11:42.323599,Downpayment,0.00
32798,C45540010,2021-08-18T10:11:42.323599,,480.00
32801,C71520019,2021-08-18T10:21:21.286875,Downpayment,0.00
32802,C71520019,2021-08-18T10:21:21.286875,,1.00
32822,C67850016,2021-08-18T10:54:16.36459,Downpayment,0.00
32823,C67850016,2021-08-18T10:54:16.36459,,163.00
32826,C75810010,2021-08-18T10:56:45.393489,Downpayment,0.00
32827,C75810010,2021-08-18T10:56:45.393489,,495.00
32830,C63400014,2021-08-18T11:14:05.005738,Downpayment,0.00
32831,C63400014,2021-08-18T11:14:05.005738,,68.00
32834,C77400018,2021-08-18T11:15:54.695887,Downpayment,0.00
32835,C77400018,2021-08-18T11:15:54.695887,,480.00
32841,C67470013,2021-08-18T11:29:54.385951,Downpayment,0.00
32842,C67470013,2021-08-18T11:29:54.385951,,1518.00
32857,C74380015,2021-08-18T11:55:51.66056,Downpayment,0.00
32859,C72790017,2021-08-18T11:58:22.315416,Downpayment,0.00
32860,C72790017,2021-08-18T11:58:22.315416,,154.00
32874,C67440016,2021-08-18T12:19:27.035269,Downpayment,0.00
32875,C67440016,2021-08-18T12:19:27.035269,,445.00
32884,C82080011,2021-08-18T12:35:13.546881,Downpayment,0.00
32885,C82080011,2021-08-18T12:35:13.546881,,154.00
32967,C77930014,2021-08-18T14:24:12.978423,,434.00
32968,C77930014,2021-08-18T14:25:00.796189,,300.00
32969,C77930014,2021-08-18T14:27:20.863076,,1.00
33001,C45280013,2021-08-19T05:47:16.023501,,200.00
33009,C45090016,2021-08-16T19:15:14.291502,,12.00
33298,C44360014,2021-08-19T17:11:38.17015,,500.00
33347,C49980014,2021-08-20T06:19:02.251363,,500.00
33349,C49980014,2021-08-20T06:21:46.243091,,500.00
33353,C49980014,2021-08-20T06:23:26.383867,,217.00
33385,C49980014,2021-08-20T07:22:18.735163,Reversed Contract Payment,-217.00
33388,C49980014,2021-08-20T07:24:03.65825,Reversed Contract Payment,-500.00
33389,C49980014,2021-08-20T07:25:45.701939,Reversed Contract Payment,-500.00
33398,C71010011,2021-08-20T07:35:35.878986,,200.00
33431,C46840013,2021-08-20T08:01:24.965059,,320.00
33736,C64330012,2021-08-20T17:31:27.592873,,100.00
33781,C45090016,2021-08-21T06:29:57.68507,,100.00
33848,C57100018,2021-08-21T08:39:52.031509,,100.00
33925,C45320017,2021-08-21T15:25:01.186663,,50.00
33963,C52180015,2021-08-22T10:23:08.543878,,1.00
33973,C56140015,2021-08-22T14:47:55.768604,,300.00
33987,C45320017,2021-08-22T17:46:02.60835,,10.00
33992,C55130017,2021-08-22T18:38:41.76551,,112.00
34003,C48460018,2021-08-23T05:04:02.451312,,100.00
34036,C45280013,2021-08-23T06:40:19.623695,,200.00
34074,C44910016,2021-08-22T13:23:33.485572,,10.00
34103,C45320017,2021-08-23T08:20:53.66053,,20.00
34168,C46500013,2021-08-23T09:23:27.788685,,200.00
34183,C49980014,2021-08-23T09:42:31.829229,,70.00
34390,C48560015,2021-08-23T12:14:27.770148,,500.00
34453,C46630018,2021-08-23T13:27:31.04554,,550.00
34491,C49700016,2021-08-23T14:15:03.972989,,680.00
34500,C49710015,2021-08-23T14:21:48.290171,,680.00
34541,C46370011,2021-08-23T16:30:41.400343,,410.00
34598,C57210015,2021-08-24T05:08:40.40821,,630.00
34800,C45320017,2021-08-24T10:31:41.24853,,5.00
35337,C49940018,2021-08-25T10:00:41.609531,,200.00
35535,C50100015,2021-08-25T13:44:05.71396,,611.00
35610,C43100015,2021-08-25T17:36:07.447687,,500.00
36104,C53890018,2021-08-27T05:30:21.670541,,567.00
36297,C51020014,2021-08-27T09:40:28.604854,,600.00
36303,C47390018,2021-08-27T09:50:34.128922,,400.00
36507,C45280013,2021-08-27T15:11:14.389491,,100.00
36518,C45090016,2021-08-27T16:38:30.210948,,100.00
36521,C75810010,2021-08-27T16:50:34.298473,,200.00
36796,C70360011,2021-08-29T04:22:23.209333,,510.00
36800,C65810012,2021-08-29T05:44:43.14439,,260.00
36866,C44340016,2021-08-29T15:57:07.719057,,100.00
36872,C44340016,2021-08-29T16:24:06.876265,,9.00
36984,C50770015,2021-08-30T08:33:28.316324,,300.00
37026,C51740017,2021-08-30T09:20:51.334449,,100.00
37122,C66780016,2021-08-30T10:56:25.322586,,1000.00
37162,C44460012,2021-08-30T11:50:27.464404,,500.00
37169,C45320017,2021-08-30T11:57:45.254106,,14.00
37269,C53030011,2021-08-30T14:14:41.900485,,100.00
37324,C71520019,2021-08-30T16:45:51.382949,,500.00
37325,C70360011,2021-08-30T16:46:45.502791,,120.00
37334,C64330012,2021-08-30T17:40:57.721553,,100.00
37397,C52180015,2021-08-31T06:51:10.180111,,1350.00
37519,C75320010,2021-08-31T10:41:27.175652,,550.00
37556,C77030013,2021-08-31T11:54:20.761636,,323.00
37580,C45280013,2021-08-31T12:25:18.655526,,200.00
37668,C44340016,2021-08-31T14:11:31.933658,,100.00
37732,C71030019,2021-08-31T17:04:52.590388,,100.00
37733,C71030019,2021-08-31T17:06:50.524611,,100.00
37735,C71030019,2021-08-31T17:09:04.64977,,50.00
37736,C52180015,2021-08-31T17:10:23.609584,,250.00
38075,C78010014,2021-08-30,,4010.00
38078,C57070013,2021-09-01T09:46:21.62079,,300.00
38217,C78010014,2021-09-01T12:15:30.31061,Reversed Contract Payment,-4010.00
38268,C57100018,2021-09-01T13:14:31.868265,,74.00
38353,C44340016,2021-09-01T15:24:51.58136,,100.00
38381,C46840013,2021-09-01T17:40:12.524794,,100.00
38402,C79210019,2021-09-02T05:20:40.364388,,800.00
38575,C43450014,2021-09-02T08:25:35.215252,,790.00
38606,C81150013,2021-09-02T09:01:56.485463,,500.00
38656,C63400014,2021-08-31T09:47:26.572426,,400.00
38830,C79100012,2021-08-30,,811.00
39058,C44360014,2021-09-02T16:30:24.605172,,500.00
39071,C44340016,2021-09-02T17:44:09.748779,,20.00
39073,C70360011,2021-09-02T17:48:52.047296,,120.00
39100,C45120011,2021-09-03T05:45:07.160057,,400.00
39158,C70030010,2021-08-31T05:43:56.132011,,562.00
39463,C43670017,2021-09-03T11:08:15.106515,,200.00
39668,C50100015,2021-09-03T14:08:20.411222,,611.00
39752,C45320017,2021-09-03T16:37:28.072737,,11.00
39830,C45230018,2021-09-04T06:05:57.656803,,18.00
39880,C51740017,2021-09-04T07:24:35.622152,,100.00
39979,C57100018,2021-09-04T08:50:24.7943,,100.00
40192,C45280013,2021-09-05T12:51:23.189838,,200.00
40202,C78010014,2021-08-30,,200.50
40213,C76320019,2021-09-05T14:18:29.150829,,600.00
40254,C57270019,2021-09-05T17:33:09.537093,,225.00
40340,C55560015,2021-09-06T06:54:26.484588,,680.00
40356,C71010011,2021-09-06T07:09:44.440721,,10.00
40360,C53720017,2021-08-19T15:30:41.728116,,100.00
41199,C74950015,2021-09-06T16:26:49.117282,,500.00
41214,C55480016,2021-09-06T17:07:16.400163,,100.00
41257,C53890018,2021-09-07T05:09:58.310007,,90.00
41338,C45320017,2021-09-07T06:20:18.156893,,130.00
41414,C59110015,2021-09-07T07:15:12.976816,,800.00
41508,C57100018,2021-09-07T08:11:40.597711,,50.00
42137,C48560015,2021-09-07T17:15:03.987436,,100.00
42284,C43100015,2021-09-08T07:30:05.860322,,550.00
42641,C55220016,2021-09-08T09:44:50.670627,,1370.00
42645,C43450014,2021-09-08T09:50:17.297724,,450.00
42949,C46370011,2021-09-08T13:58:26.660114,,410.00
43018,C44470011,2021-09-08T15:40:07.299915,,385.00
43061,C55270011,2021-09-08T18:24:24.600416,,300.00
43096,C43450014,2021-09-09T05:02:39.968333,,543.00
43164,C45280013,2021-09-09T06:22:12.484118,,200.00
43229,C77030013,2021-09-07T14:45:29.153229,,400.00
43770,C44340016,2021-09-09T13:14:12.394672,,100.00
43771,C57100018,2021-09-09T13:14:21.538023,,50.00
43786,C44340016,2021-09-09T13:27:26.674213,,7.00
43880,C51420016,2021-09-09T17:26:54.252659,,500.00
43899,C53830014,2021-09-08T18:48:35.23005,,500.00
44380,C61160016,2021-09-10T10:54:34.941841,,200.00
44704,C73200016,2021-09-10T14:28:16.785332,,200.00
44733,C52180015,2021-09-10T15:51:58.334777,,500.00
44735,C60570017,2021-09-10T16:02:22.344784,,50.00
44736,C60570017,2021-09-10T16:07:51.414116,,590.00
44753,C44340016,2021-09-10T17:30:44.588787,,60.00
44761,C65810012,2021-09-10T17:55:21.403747,,320.00
44968,C45620010,2021-09-11T14:02:38.637402,,100.00
45009,C48560015,2021-09-12T02:51:14.412315,,200.00
45099,C47100011,2021-09-12T16:41:33.485357,,500.00
45128,C50770015,2021-09-12T20:00:31.378156,,336.00
45310,C45320017,2021-09-13T08:32:25.254187,,20.00
45745,C49700016,2021-09-07T17:55:00.57419,,400.00
45761,C48560015,2021-09-13T14:14:45.811408,,200.00
45812,C63400014,2021-09-13T15:17:29.27727,,400.00
45827,C44340016,2021-09-13T16:08:07.526046,,100.00
45829,C57210015,2021-09-13T16:18:53.74982,,100.00
45927,C47100011,2021-09-13T19:50:26.07712,,5.00
46283,C48560015,2021-09-14T09:41:55.69929,,150.00
46904,C70360011,2021-09-14T17:12:06.415672,,728.00
46962,C55270011,2021-09-15T05:09:50.791244,,300.00
47135,C50100015,2021-09-15T08:03:50.822454,,611.00
47315,C71030019,2021-09-08,,250.00
47319,C72840010,2021-09-08,,62.00
47333,C79210019,2021-09-08,,5.00
47529,C45540010,2021-09-15T09:37:56.485532,,400.00
48029,C57070013,2021-09-15T16:39:28.932811,,300.00
48108,C76320019,2021-09-16T05:37:16.87595,,566.00
48171,C50100015,2021-09-16T05:48:10.961532,,176.40
48203,C56140015,2021-09-14,,81.30
48206,C56390016,2021-09-14,,66.90
48212,C57210015,2021-09-14,,192.90
48246,C65860017,2021-09-14,,234.00
48261,C67850016,2021-09-14,,400.10
48273,C70030010,2021-09-14,,164.30
48296,C76320019,2021-09-16T05:48:40.911593,,165.60
48320,C79100012,2021-09-14,,171.50
48813,C45130010,2021-09-16T08:15:03.495688,,100.00
49260,C69170017,2021-09-16T13:17:56.941374,,500.00
50572,C79100012,2021-09-18T12:20:37.731695,,110.00
50602,C49700016,2021-09-18T15:20:09.700723,,400.00
50603,C49710015,2021-09-18T15:23:58.263388,,400.00
50614,C44340016,2021-09-18T16:30:39.977339,,100.00
50655,C45280013,2021-09-19T05:53:19.149042,,100.00
50743,C47100011,2021-09-19T15:09:22.234214,,1000.00
51667,C45280013,2021-09-20T17:08:47.902513,,140.00
52259,C51740017,2021-09-21T09:09:10.235206,,600.00
53255,C77030013,2021-09-21T17:16:58.725353,,400.00
53406,C63490015,2021-09-22T08:49:40.576707,,1000.00
54065,C43670017,2021-09-22T16:02:06.006956,,300.00
54121,C45090016,2021-09-22T18:53:40.786968,,200.00
54426,C53890018,2021-09-23T08:59:14.047693,,570.00
54543,C58720012,2021-09-23T09:52:58.610441,,1000.00
55615,C51740017,2021-09-24T10:37:48.052395,,100.00
55804,C44470011,2021-09-24T12:19:28.96164,,385.00
55824,C81150013,2021-09-24T12:29:32.637893,,500.00
56254,C55480016,2021-09-24T17:36:54.841691,,160.00
56270,C45130010,2021-09-24T18:47:52.497857,,100.00
56652,C57270019,2021-09-25T16:19:10.960788,,225.00
56733,C51740017,2021-09-26T10:39:28.955262,,100.00
56794,C50770015,2021-09-26T16:41:32.177457,,150.00
56811,C46370011,2021-09-26T17:34:13.839442,,410.00
56880,C71520019,2021-09-27T05:47:11.785426,,500.00
57738,C47530019,2021-09-27T13:26:13.348626,Manual Discount,0.00
58612,C77400018,2021-09-28T09:14:10.936581,,1500.00
59340,C44510014,2021-09-28T14:41:20.299264,,50.00
59414,C69170017,2021-09-28T16:13:54.007142,,500.00
59425,C70360011,2021-09-28T16:33:49.680273,,700.00
59533,C66780016,2021-09-28T19:36:58.242625,,1000.00
60985,C52180015,2021-09-29T15:01:57.851251,,500.00
60989,C52180015,2021-09-29T15:04:54.325446,,70.00
60995,C74380015,2021-09-29T15:18:49.002333,,1000.00
61030,C51740017,2021-09-29T16:26:24.871994,,100.00
61079,C70360011,2021-09-29T17:53:31.351768,,47.00
61100,C65810012,2021-09-29T18:26:53.792737,,50.00
62860,C43320019,2021-09-30T16:04:31.605645,,1000.00
62940,C45130010,2021-09-30T18:40:10.502661,,25.00
62941,C45130010,2021-09-30T18:43:33.227591,,25.00
63786,C65810012,2021-10-01T10:40:51.71012,,1200.00
64134,C65810012,2021-10-01T12:14:55.220795,Reversed Contract Payment,-1200.00
64655,C58690017,2021-10-01T15:24:08.117443,,100.00
64671,C44460012,2021-10-01T15:35:39.818098,,100.00
64685,C57070013,2021-10-01T15:51:02.251864,,300.00
64698,C45090016,2021-10-01T16:25:57.086104,,500.00
64711,C59520015,2021-10-01T16:59:00.059099,,300.00
64759,C57210015,2021-10-01T18:35:17.355876,,50.00
65765,C77030013,2021-10-01T14:59:27.890002,,500.00
67365,C52180015,2021-10-03T06:40:37.679186,,400.00
68681,C42710012,2021-10-03T14:48:25.385682,,200.00
68699,C45090016,2021-10-03T15:47:40.90926,,203.00
68761,C46840013,2021-10-03T17:39:17.632303,,50.00
68793,C45130010,2021-10-03T19:19:03.032755,,50.00
69935,C55560015,2021-10-04T11:22:42.278209,,350.00
70992,C50100015,2021-10-04T15:48:49.935608,,611.00
71022,C44340016,2021-10-04T16:31:51.832546,,100.00
71049,C50770015,2021-10-04T17:33:34.645754,,244.00
71054,C42790014,2021-10-04T17:46:56.101067,,1060.00
73092,C43120013,2021-10-03T16:03:29.898032,,665.00
73652,C50770015,2021-10-05T19:51:33.160343,,230.00
73654,C50770015,2021-10-05T19:54:51.204191,,27.00
73696,C44340016,2021-10-06T05:27:43.107191,,50.00
73996,C49710015,2021-10-04T18:44:53.501966,,500.00
74543,C49710015,2021-10-06T11:11:26.793556,,400.00
74548,C49700016,2021-10-06T11:15:27.233095,,600.00
75104,C46840013,2021-10-06T15:57:04.940984,,40.00
75144,C51740017,2021-10-06T16:59:52.521681,,100.00
77046,C46840013,2021-10-07T18:10:39.874847,,20.00
78308,C43670017,2021-10-08T11:06:46.77027,,300.00
78491,C47390018,2021-10-06T06:32:47.449663,,300.00
78633,C44340016,2021-10-08T13:14:19.128058,,100.00
78676,C51350015,2021-10-08T13:32:00.581874,,200.00
78683,C51350015,2021-10-08T13:34:48.041637,,500.00
78745,C58720012,2021-10-08T15:15:08.700801,,1000.00
78880,C66780016,2021-10-08T17:38:50.682503,,1000.00
78996,C50770015,2021-10-08T18:08:32.809161,,49.00
79102,C67440016,2021-10-09T05:11:43.217455,,1000.00
79126,C43450014,2021-10-09T05:51:16.140686,,715.00
79548,C50770015,2021-10-09T17:39:52.163118,,200.00
80195,C49710015,2021-10-10T18:52:38.70769,Reversed Contract Payment,-500.00
80405,C45280013,2021-10-11T09:57:25.95917,,200.00
80563,C44340016,2021-10-11T17:07:14.441292,,100.00
81092,C50770015,2021-10-12T09:34:46.320773,,8.00
81382,C43120013,2021-10-12T12:48:40.489631,Reversed Contract Payment,-665.00
81530,C45090016,2021-10-12T16:07:16.4584,,400.00
81592,C50260017,2021-10-12T18:01:42.092697,Offer Change Delay,0.00
81602,C50770015,2021-10-12T18:21:04.852365,,100.00
81674,C63820013,2021-10-12T19:13:10.192437,,700.00
81918,C69170017,2021-10-13T07:32:53.950239,,500.00
82223,C52180015,2021-10-13T10:21:09.998173,,20.00
82233,C52180015,2021-10-13T10:25:27.149284,,380.00
82616,C43320019,2021-10-13,,147.90
82663,C46760013,2021-10-13,,165.60
82721,C51420016,2021-10-13,,149.10
82724,C51680015,2021-10-13,,149.10
82760,C55560015,2021-10-13,,299.90
82893,C67440016,2021-10-13,,123.00
82923,C73550014,2021-10-13,,254.30
82974,C79210019,2021-10-13,,143.10
85090,C48560015,2021-10-13T15:57:47.951941,,5.00
85095,C48560015,2021-10-13T16:00:39.179357,,450.00
85102,C58970013,2021-10-13T16:13:52.889322,,250.00
85148,C45090016,2021-10-13T17:51:02.045448,,100.00
85155,C42710012,2021-10-13T17:57:50.310181,,200.00
86763,C55130017,2021-10-15T03:28:57.209305,,500.00
87137,C45280013,2021-10-12,,20.00
87147,C45320017,2021-10-05,,6.00
87367,C77940013,2021-10-10T09:50:58.011382,,400.00
88054,C70030010,2021-10-15T12:42:54.959462,,1124.00
88334,C42790014,2021-10-15T15:20:10.62617,,600.00
88386,C53890018,2021-10-15T17:11:35.901194,,470.00
88408,C50320019,2021-10-15T17:42:00.30695,,500.00
89371,C49710015,2021-10-17T12:04:31.425518,,380.00
89455,C53030011,2021-10-17T15:23:56.626681,,1000.00
89507,C70360011,2021-10-17T16:39:06.152916,,750.00
89925,C45130010,2021-10-17T20:01:39.07946,,20.00
90501,C50770015,2021-10-18T09:43:43.918721,,17.00
90781,C44340016,2021-10-18T11:11:41.397424,,50.00
91438,C50770015,2021-10-18T19:05:21.287184,,80.00
93032,C74380015,2021-10-19T13:27:24.502992,,600.00
93056,C74380015,2021-10-19T13:33:46.751581,,36.00
93185,C53030011,2021-10-19T14:40:12.981187,,500.00
93198,C77940013,2021-10-19T15:03:14.810207,Reversed Contract Payment,-400.00
93600,C49700016,2021-10-20T11:42:06.183792,,400.00
93640,C57270019,2021-10-20T13:51:37.525429,,345.00
93821,C53830014,2021-10-20T19:29:16.406019,,1000.00
95516,C45320017,2021-10-21T13:33:19.757472,,16.00
95595,C47100011,2021-10-21T00:00:04,,308.00
95612,C45090016,2021-10-21T00:00:26,,100.00
95770,C42710012,2021-10-21T16:42:00.589809,,300.00
95861,C44340016,2021-10-21T18:50:49.944515,,30.00
97142,C51760015,2021-10-22T11:44:27.303935,,1800.00
97866,C61820015,2021-10-23T05:00:12.179526,,400.00
99369,C60570017,2021-10-24T17:57:30.840616,,56.00
99555,C45130010,2021-10-25T06:23:33.790081,,60.00
99828,C44460012,2021-10-24T15:08:38.288474,,1000.00
101019,C72840010,2021-10-25,,62.00
101023,C73550014,2021-10-25,,1816.00
101272,C72840010,2021-10-25,,62.00
101602,C72840010,2021-10-25,,62.00
101606,C73550014,2021-10-25,,1816.00
101619,C74380015,2021-10-25,,924.00
101627,C76320019,2021-10-25,,100.00
102380,C54540018,2021-10-25,,1816.00
102394,C55560015,2021-10-25,,908.00
102436,C58720012,2021-10-25,,154.00
102878,C45280013,2021-10-26T04:26:42.01259,,200.00
103585,C73550014,2021-10-26T09:37:23.022168,Reversed Contract Payment,-1816.00
103803,C72840010,2021-10-26T10:27:46.930494,Reversed Contract Payment,-62.00
103806,C72840010,2021-10-26T10:28:04.130084,Reversed Contract Payment,-62.00
103817,C72840010,2021-10-26T10:29:48.197406,Reversed Contract Payment,-62.00
104722,C44340016,2021-10-26T16:59:21.439337,,100.00
107073,C75320010,2021-10-28T06:04:29.015281,,500.00
108210,C47890017,2021-10-28T09:51:46.402602,,500.00
108954,C51680015,2021-10-28T19:57:03.538077,,900.00
108957,C45090016,2021-10-28T20:22:16.285757,,50.00
110536,C51740017,2021-10-30T05:08:15.584519,,600.00
110846,C52040011,2021-10-30T07:54:18.631502,,500.00
111761,C43320019,2021-10-31T16:36:11.352376,,1000.00
111987,C54020011,2021-11-01T05:32:47.766066,,500.00
112022,C45880010,2021-10-08T13:47:53.193295,,500.00
112357,C45280013,2021-11-01T09:05:43.110541,,200.00
113229,C48560015,2021-11-01T14:05:16.475892,,50.00
113452,C60570017,2021-11-01T17:49:49.974872,,460.00
113714,C43120013,2021-11-01T15:29:39.827935,,1000.00
113979,C49710015,2021-11-02T08:21:32.070073,,380.00
115067,C70030010,2021-11-02T15:18:01.160754,,1124.00
116537,C42790014,2021-11-03T13:01:32.919937,,228.00
117720,C71030019,2021-11-03T16:39:57.386934,,100.00
117722,C71030019,2021-11-03T16:41:54.589043,,50.00
119468,C70360011,2021-11-04T16:48:48.385173,,550.00
119584,C45130010,2021-11-04T19:24:49.08969,,55.00
120426,C50770015,2021-11-04T12:56:22.490215,,4.00
120758,C52180015,2021-11-05T12:45:04.04107,,1.00
121106,C70360011,2021-11-05T17:10:42.400168,,188.00
122866,C46630018,2021-11-05T12:27:04.865549,,1050.00
122957,C45880010,2021-11-08T10:02:09.405921,Reversed Contract Payment,-500.00
123228,C44620011,2021-11-04,,100.00
123231,C45880010,2021-11-04,,100.00
123234,C46500013,2021-11-04,,500.00
123287,C54540018,2021-11-04,,681.00
123299,C55560015,2021-11-04,,340.00
123441,C73550014,2021-11-04,,681.00
123639,C52180015,2021-11-08T13:11:37.781323,,400.00
123913,C51740017,2021-11-08T16:43:56.914403,,100.00
125544,C57070013,2021-11-09T16:27:46.548002,,500.00
126318,C51680015,2021-11-10T09:48:00.962584,,500.00
126838,C45090016,2021-11-10T13:20:41.786078,,110.00
126944,C51740017,2021-11-10T14:26:48.262847,,100.00
130131,C57100018,2021-11-11T07:13:44.670318,,380.00
130461,C69170017,2021-11-11T09:47:44.470067,,500.00
130752,C67470013,2021-11-04T12:48:45.118535,,10.00
130948,C74880014,2021-11-11T13:57:06.033384,,1000.00
131040,C77920015,2021-11-11T15:38:05.199184,,1000.00
131418,C49710015,2021-11-12T05:21:56.811813,,380.00
132888,C51740017,2021-11-12T16:33:56.523113,,100.00
136897,C51350015,2021-11-16T13:11:18.68961,,300.00
136902,C51350015,2021-11-16T13:13:44.956184,,200.00
137040,C58970013,2021-11-16T15:16:35.302235,,300.00
137702,C68190016,2021-11-17T08:01:26.922678,,100.00
137710,C68190016,2021-11-17T08:03:36.786337,,43.00
138338,C45120011,2021-11-17T14:19:03.11078,,500.00
138934,C55560015,2021-11-18T07:54:11.380967,,500.00
139468,C69170017,2021-11-18T05:05:27.485935,,500.00
139579,C43320019,2021-11-18,,94.50
139625,C46760013,2021-11-18,,154.20
140001,C43320019,2021-11-18T17:14:51.823337,,700.00
140791,C49700016,2021-11-19T10:27:48.160657,,400.00
142648,C57210015,2021-11-21T03:59:07.822574,,100.00
145548,C51740017,2021-11-23T10:32:31.134403,,100.00
146600,C43670017,2021-11-24T04:21:17.965177,,500.00
147009,C51020014,2021-11-24T07:35:19.919537,,500.00
148287,C54390018,2021-11-24T14:43:28.103973,,300.00
148445,C51740017,2021-11-24T16:52:07.844012,,100.00
148528,C75320010,2021-11-24T17:55:30.648152,,200.00
150411,C51740017,2021-11-25T16:32:36.330638,,100.00
150837,C45620010,2021-11-26T06:26:30.917899,,15.00
151361,C45130010,2021-11-25T20:14:03.696289,,50.00
151364,C45130010,2021-11-26T09:30:36.94252,,150.00
153419,C50770015,2021-11-27T14:47:35.982666,,2000.00
153429,C50770015,2021-11-27T14:55:51.368513,,100.00
153430,C51350015,2021-11-27T14:59:39.143888,,300.00
153434,C50770015,2021-11-27T15:08:04.478479,,40.00
153562,C44340016,2021-11-27T17:09:09.325803,,100.00
153953,C53150017,2021-11-09,,154.00
154113,C72840010,2021-11-09,,62.00
154381,C51740017,2021-11-28T16:57:09.586743,,100.00
154453,C45620010,2021-11-28T17:47:26.367362,,20.00
154496,C44340016,2021-11-28T18:25:56.165836,,100.00
156190,C73980013,2021-11-29T17:10:49.914559,,900.00
156241,C44340016,2021-11-29T17:41:16.412255,,24.00
158113,C44340016,2021-11-30T18:19:59.818582,,100.00
158121,C44620011,2021-11-30T18:28:30.952193,,500.00
159344,C58970013,2021-12-01T10:08:55.479288,,500.00
159875,C56140015,2021-12-01T13:34:58.539753,,1000.00
160355,C69170017,2021-12-02T04:10:32.638897,,688.00
160418,C71520019,2021-12-02T05:12:10.471997,,1000.00
162006,C41540014,2021-12-03T01:01:27.405305,Manual Discount,0.00
162207,C52180015,2021-12-03T06:58:31.128659,,1000.00
163038,C44340016,2021-12-03T15:18:18.655634,,100.00
163202,C43270016,2021-12-03T17:21:48.12636,,2000.00
163963,C54390018,2021-12-04T08:56:23.672213,,200.00
164841,C45880010,2021-12-05T08:03:06.376687,,4000.00
166120,C45130010,2021-12-04T19:02:11.734494,,70.00
166363,C48560015,2021-12-05T16:04:59.539276,,500.00
166457,C50770015,2021-12-04T17:23:13.46909,,460.00
168535,C48560015,2021-12-06T13:10:54.846954,,5.00
168879,C52180015,2021-12-06T16:01:21.984907,,500.00
169203,C42500017,2021-12-07T01:01:30.538313,Manual Discount,0.00
169214,C50770015,2021-12-07T03:17:56.727019,,40.00
169690,C42710012,2021-12-07T08:55:31.947876,,1000.00
170637,C77920015,2021-12-07T17:30:32.80739,,300.00
170840,C45090016,2021-12-08T00:06:44.639503,,128.00
170855,C50770015,2021-12-08T03:13:24.719961,,1000.00
170968,C51740017,2021-12-08T05:30:27.072134,,200.00
173436,C70700018,2021-12-08T17:15:35.487671,,100.00
173644,C43450014,2021-12-09T01:01:22.450327,Manual Discount,0.00
173645,C46290011,2021-12-09T01:01:33.237179,Manual Discount,0.00
173647,C44360014,2021-12-09T01:01:45.514326,Manual Discount,0.00
173730,C77030013,2021-12-09T05:12:50.111441,,200.00
175013,C74880014,2021-12-09T12:26:20.158079,,50.00
175868,C45230018,2021-12-10T01:01:27.394587,Manual Discount,0.00
175869,C43100015,2021-12-10T01:01:38.526152,Manual Discount,0.00
175871,C42790014,2021-12-10T01:01:51.943412,Manual Discount,0.00
175873,C46430013,2021-12-10T01:02:06.948408,Manual Discount,0.00
175874,C46630018,2021-12-10T01:02:13.030291,Manual Discount,0.00
175875,C45880010,2021-12-10T01:02:19.322548,Manual Discount,0.00
176330,C37840014,2021-12-10T07:13:44.538849,Manual Delay,0.00
177801,C43320019,2021-12-10T14:09:58.640824,,500.00
178191,C41870015,2021-12-11T01:01:27.878374,Manual Discount,0.00
178195,C43120013,2021-12-11T01:01:51.257807,Manual Discount,0.00
178198,C48460018,2021-12-11T01:02:15.389524,Manual Discount,0.00
178570,C49700016,2021-12-11T07:02:00.606219,,600.00
178624,C46290011,2021-12-10T10:48:42.940829,,27.00
178640,C46290011,2021-12-11T07:25:49.89397,,18.00
179358,C57070013,2021-12-11T17:10:56.206581,,400.00
179490,C46840013,2021-12-11T18:40:22.921465,,200.00
179557,C37840014,2021-12-12T01:01:18.5728,Manual Discount,0.00
179898,C51350015,2021-12-12T13:33:57.474921,,200.00
180224,C55130017,2021-12-12T19:41:35.696949,,500.00
180246,C45960010,2021-12-13T01:01:33.988498,Manual Discount,0.00
180248,C51350015,2021-12-13T01:01:46.657645,Manual Discount,0.00
180249,C45090016,2021-12-13T01:01:52.392257,Manual Discount,0.00
180253,C48560015,2021-12-13T01:02:14.505502,Manual Discount,0.00
180254,C42800011,2021-12-13T01:02:20.236549,Manual Discount,0.00
180259,C51760015,2021-12-13T01:02:48.553844,Manual Discount,0.00
180262,C46840013,2021-12-13T01:03:04.626269,Manual Discount,0.00
180263,C42710012,2021-12-13T01:03:10.568953,Manual Discount,0.00
180269,C46690012,2021-12-13T01:03:43.751329,Manual Discount,0.00
180924,C46840013,2021-12-13T12:52:51.74159,,200.00
181044,C46840013,2021-12-13T15:22:47.621061,,11.00
181409,C50100015,2021-12-14T01:02:04.004508,Manual Discount,0.00
181410,C53310017,2021-12-14T01:02:10.411254,Manual Discount,0.00
181415,C46370011,2021-12-14T01:02:42.697637,Manual Discount,0.00
181417,C44460012,2021-12-14T01:02:59.975433,Manual Discount,0.00
184163,C44910016,2021-12-15T01:02:17.559942,Manual Discount,0.00
184164,C51020014,2021-12-15T01:02:25.073357,Manual Discount,0.00
184168,C51460012,2021-12-15T01:02:53.001482,Manual Discount,0.00
184169,C44510014,2021-12-15T01:03:06.810733,Manual Discount,0.00
184171,C56390016,2021-12-15T01:03:22.58661,Manual Discount,0.00
184175,C57100018,2021-12-15T01:03:52.844881,Manual Discount,0.00
184411,C77030013,2021-12-15T06:02:53.189747,,35.00
185315,C46840013,2021-12-15T10:24:21.662896,,6.00
185623,C65810012,2021-12-15T12:31:18.862411,,200.00
186494,C51420016,2021-12-16T01:02:02.886686,Manual Discount,0.00
186502,C49940018,2021-12-16T01:02:51.58316,Manual Discount,0.00
186504,C43670017,2021-12-16T01:03:04.484292,Manual Discount,0.00
186509,C47390018,2021-12-16T01:03:34.922822,Manual Discount,0.00
186511,C43270016,2021-12-16T01:03:46.832437,Manual Discount,0.00
186513,C53890018,2021-12-16T01:03:58.774787,Manual Discount,0.00
187354,C46840013,2021-12-16T10:12:38.904124,,8.00
188447,C53890018,2021-12-16T18:24:43.827002,,2100.00
188544,C42610014,2021-12-17T01:01:54.061079,Manual Discount,0.00
188545,C44770014,2021-12-17T01:02:00.85428,Manual Discount,0.00
188549,C61160016,2021-12-17T01:02:24.223203,Manual Discount,0.00
188551,C60460011,2021-12-17T01:02:39.883576,Manual Discount,0.00
188552,C45500014,2021-12-17T01:02:45.789705,Manual Discount,0.00
188553,C53670014,2021-12-17T01:02:52.068616,Manual Discount,0.00
188554,C51740017,2021-12-17T01:02:57.933448,Manual Discount,0.00
188556,C45050010,2021-12-17T01:03:12.505495,Manual Discount,0.00
188557,C45160017,2021-12-17T01:03:20.965823,Manual Discount,0.00
188560,C50770015,2021-12-17T01:03:39.990572,Manual Discount,0.00
188562,C43440015,2021-12-17T01:03:51.64172,Manual Discount,0.00
188565,C53830014,2021-12-17T01:04:09.688405,Manual Discount,0.00
188567,C59610014,2021-12-17T01:04:21.023863,Manual Discount,0.00
188568,C45120011,2021-12-17T01:04:26.649694,Manual Discount,0.00
188570,C53150017,2021-12-17T01:04:38.373352,Manual Discount,0.00
190954,C63490015,2021-12-18T01:01:14.114545,Manual Discount,0.00
190957,C65810012,2021-12-18T01:01:32.596637,Manual Discount,0.00
190965,C63730014,2021-12-18T01:02:30.694685,Manual Discount,0.00
190971,C65860017,2021-12-18T01:03:05.840707,Manual Discount,0.00
190972,C48260012,2021-12-18T01:03:11.354437,Manual Discount,0.00
192071,C42790014,2021-12-18T17:43:52.876553,,500.00
192201,C58720012,2021-12-19T01:02:13.339618,Manual Discount,0.00
192283,C43100015,2021-12-19T05:19:25.768164,,3000.00
192361,C73980013,2021-12-19T06:39:06.845498,Offer Change Delay,0.00
192402,C51020014,2021-12-19T08:08:34.259001,,2000.00
192571,C42790014,2021-12-19T12:57:54.570192,,300.00
192918,C45230018,2021-12-19T18:20:21.372163,,53.00
192999,C74880014,2021-12-20T01:01:16.690513,Manual Discount,0.00
193000,C63600019,2021-12-20T01:01:23.813177,Manual Discount,0.00
193001,C64330012,2021-12-20T01:01:31.201468,Manual Discount,0.00
193002,C73260010,2021-12-20T01:01:38.523951,Manual Discount,0.00
193003,C51360014,2021-12-20T01:01:45.584437,Manual Discount,0.00
193007,C44340016,2021-12-20T01:02:14.815839,Manual Discount,0.00
193008,C45130010,2021-12-20T01:02:20.87792,Manual Discount,0.00
193015,C51570018,2021-12-20T01:03:06.877151,Manual Discount,0.00
193016,C43320019,2021-12-20T01:03:13.28077,Manual Discount,0.00
193017,C50320019,2021-12-20T01:03:19.862636,Manual Discount,0.00
193020,C70700018,2021-12-20T01:03:38.697206,Manual Discount,0.00
193021,C47530019,2021-12-20T01:03:44.569842,Manual Discount,0.00
193024,C74950015,2021-12-20T01:04:03.935969,Manual Discount,0.00
193025,C47890017,2021-12-20T01:04:11.187545,Manual Discount,0.00
193027,C45930013,2021-12-20T01:04:23.488036,Manual Discount,0.00
193028,C60570017,2021-12-20T01:04:29.44613,Manual Discount,0.00
193031,C46650016,2021-12-20T01:04:48.168448,Manual Discount,0.00
193032,C73200016,2021-12-20T01:04:54.357423,Manual Discount,0.00
193034,C55220016,2021-12-20T01:05:07.419401,Manual Discount,0.00
193035,C64610017,2021-12-20T01:05:14.288376,Manual Discount,0.00
193037,C70030010,2021-12-20T01:05:27.461761,Manual Discount,0.00
193039,C60510013,2021-12-20T01:05:38.962001,Manual Discount,0.00
193043,C46500013,2021-12-20T01:06:03.94977,Manual Discount,0.00
193046,C64600018,2021-12-20T01:06:23.792628,Manual Discount,0.00
193049,C70360011,2021-12-20T01:06:43.157168,Manual Discount,0.00
193059,C46760013,2021-12-20T01:07:47.793261,Manual Discount,0.00
193064,C72430010,2021-12-20T01:08:19.21744,Manual Discount,0.00
193065,C74930017,2021-12-20T01:08:25.352438,Manual Discount,0.00
193068,C57270019,2021-12-20T01:08:43.469502,Manual Discount,0.00
193069,C57210015,2021-12-20T01:08:49.260483,Manual Discount,0.00
193166,C45090016,2021-12-20T05:22:06.067717,,6.00
195006,C45160017,2021-12-20T13:57:23.645007,,1000.00
195239,C45230018,2021-12-20T16:43:20.396499,,26.00
195497,C53720017,2021-12-21T01:02:40.663069,Manual Discount,0.00
195500,C44620011,2021-12-21T01:03:02.275556,Manual Discount,0.00
195501,C60490018,2021-12-21T01:03:09.06033,Manual Discount,0.00
195505,C76320019,2021-12-21T01:03:36.003905,Manual Discount,0.00
195507,C58970013,2021-12-21T01:03:48.878564,Manual Discount,0.00
195508,C55130017,2021-12-21T01:03:57.033643,Manual Discount,0.00
195509,C58690017,2021-12-21T01:04:03.638774,Manual Discount,0.00
195510,C57070013,2021-12-21T01:04:10.165223,Manual Discount,0.00
195512,C54020011,2021-12-21T01:04:22.975505,Manual Discount,0.00
195513,C51680015,2021-12-21T01:04:28.743713,Manual Discount,0.00
195516,C78310018,2021-12-21T01:04:50.386481,Manual Discount,0.00
195517,C57010019,2021-12-21T01:04:56.698072,Manual Discount,0.00
195518,C75320010,2021-12-21T01:05:03.312698,Manual Discount,0.00
195520,C52620010,2021-12-21T01:05:18.666183,Manual Discount,0.00
195522,C55480016,2021-12-21T01:05:32.656215,Manual Discount,0.00
195525,C44470011,2021-12-21T01:05:54.870457,Manual Discount,0.00
195527,C77050011,2021-12-21T01:06:08.455063,Manual Discount,0.00
195528,C61820015,2021-12-21T01:06:15.783293,Manual Discount,0.00
195529,C78010014,2021-12-21T01:06:21.962307,Manual Discount,0.00
195531,C43090018,2021-12-21T01:06:36.328738,Manual Discount,0.00
195533,C42730010,2021-12-21T01:06:50.110814,Manual Discount,0.00
195534,C66780016,2021-12-21T01:06:56.154144,Manual Discount,0.00
195535,C59110015,2021-12-21T01:07:02.407857,Manual Discount,0.00
195536,C47100011,2021-12-21T01:07:09.711609,Manual Discount,0.00
195537,C45620010,2021-12-21T01:07:16.583404,Manual Discount,0.00
195539,C53030011,2021-12-21T01:07:30.916348,Manual Discount,0.00
196045,C52180015,2021-12-21T08:22:15.594726,,1000.00
196050,C45620010,2021-12-21T08:24:03.821632,,10.00
196487,C77400018,2021-12-21T11:13:29.023937,,500.00
197342,C42610014,2021-12-21T16:43:49.411785,,1000.00
197620,C69170017,2021-12-22T01:01:30.381368,Manual Discount,0.00
197629,C43540012,2021-12-22T01:03:07.96299,Manual Discount,0.00
197634,C72790017,2021-12-22T01:03:40.629241,Manual Discount,0.00
197636,C77930014,2021-12-22T01:03:54.161346,Manual Discount,0.00
197638,C63820013,2021-12-22T01:04:07.337641,Manual Discount,0.00
197640,C73310013,2021-12-22T01:04:18.833164,Manual Discount,0.00
197647,C77030013,2021-12-22T01:05:00.411692,Manual Discount,0.00
197648,C81150013,2021-12-22T01:05:09.387724,Manual Discount,0.00
197649,C71030019,2021-12-22T01:05:16.231649,Manual Discount,0.00
197660,C77940013,2021-12-22T01:06:19.680965,Manual Discount,0.00
197666,C52040011,2021-12-22T01:06:51.158886,Manual Discount,0.00
197667,C77380012,2021-12-22T01:06:57.077858,Manual Discount,0.00
197669,C71010011,2021-12-22T01:07:07.979361,Manual Discount,0.00
197672,C62780010,2021-12-22T01:07:24.29335,Manual Discount,0.00
197673,C59520015,2021-12-22T01:07:30.18861,Manual Discount,0.00
197674,C65440018,2021-12-22T01:07:36.519353,Manual Discount,0.00
197676,C82080011,2021-12-22T01:07:48.475907,Manual Discount,0.00
197681,C72840010,2021-12-22T01:08:19.634141,Manual Discount,0.00
197682,C68190016,2021-12-22T01:08:25.179765,Manual Discount,0.00
197683,C70350012,2021-12-22T01:08:32.13446,Manual Discount,0.00
197684,C74380015,2021-12-22T01:08:38.012675,Manual Discount,0.00
197685,C75810010,2021-12-22T01:08:44.462226,Manual Discount,0.00
197690,C52180015,2021-12-22T01:09:15.62878,Manual Discount,0.00
197738,C45540010,2021-12-22T04:51:19.84533,,500.00
197895,C68190016,2021-12-22T06:17:23.156457,,6.00
199811,C46840013,2021-12-22T17:35:42.462622,,40.00
201662,C61820015,2021-12-21T17:03:33.891449,,4030.00
203214,C73550014,2021-12-24T09:00:13.608506,,1816.00
203230,C72840010,2021-12-24T09:06:38.393189,,62.00
203369,C72840010,2021-12-24T10:28:50.523274,,62.00
203591,C50320019,2021-12-24T14:41:13.411239,,600.00
203967,C61160016,2021-12-24T21:04:50.478296,,50.00
204659,C45230018,2021-12-25T16:37:04.940939,,70.00
206596,C63730014,2021-12-27T09:35:51.899822,,50.00
207307,C63730014,2021-12-27T13:52:40.263554,,100.00
207424,C45280013,2021-12-27T15:50:06.441685,,100.00
207870,C65810012,2021-12-28T05:26:43.794026,,200.00
209211,C45280013,2021-12-28T11:05:30.72951,,94.00
209280,C667070015,2021-12-28T11:25:54.655535,Downpayment,0.00
209336,C63730014,2021-12-28T11:41:20.092114,,100.00
210912,C379060015,2021-12-29T07:58:59.197549,Downpayment,0.00
210913,C379060015,2021-12-29T07:58:59.197549,,46.00
211825,C77940013,2021-12-22T07:10:51.529652,,200.00
213177,C67440016,2021-12-30T05:16:50.617017,,1000.00
213706,C50320019,2021-12-30T08:18:08.074488,,400.00
215296,C46760013,2021-12-30T17:01:17.45599,,3000.00
215753,C77940013,2021-12-30T17:51:57.58712,,200.00
215864,C51420016,2021-12-31T07:59:14.198686,,2000.00
217252,C45280013,2022-01-01T09:41:23.569977,,130.00
217299,C45280013,2022-01-01T10:33:53.024703,,40.00
217425,C45280013,2022-01-01T13:26:54.716672,,80.00
221869,C43670017,2022-01-04T07:48:18.991037,,100.00
223947,C43670017,2022-01-05T04:48:52.247177,,50.00
224406,C53030011,2022-01-05T07:28:50.807784,,1000.00
228689,C43320019,2022-01-06T12:55:16.702058,,500.00
229329,C46650016,2022-01-06T17:44:09.393473,,3300.00
229992,C45960010,2022-01-07T06:50:09.657606,,1000.00
231091,C55130017,2022-01-07T12:05:15.135583,,200.00
231102,C55130017,2022-01-07T12:07:50.297988,,300.00
231735,C63730014,2022-01-07T16:49:30.343762,,200.00
232266,C72840010,2022-01-08T05:46:11.252399,,62.00
233068,C53720017,2021-11-30T18:36:31.759148,,150.00
233069,C53720017,2021-11-30T18:48:00.464473,,9.00
233675,C63730014,2022-01-08T18:03:09.165319,,54.00
233805,C51570018,2022-01-08T19:51:17.13923,,3550.00
233809,C51570018,2022-01-08T19:55:46.185239,,100.00
234331,C51680015,2022-01-09T13:56:44.298836,,200.00
234723,C57270019,2022-01-09T18:09:58.529977,,450.00
235196,C379060015,2022-01-09T07:43:28.619322,,60.00
235575,C44620011,2022-01-10T08:02:10.387364,,550.00
237972,C55560015,2022-01-11T07:14:46.149703,,500.00
238714,C647830017,2022-01-11T10:39:50.32751,Downpayment,0.00
238715,C647830017,2022-01-11T10:39:50.32751,,141.00
238973,C659840011,2022-01-11T11:33:24.10251,Downpayment,0.00
238974,C659840011,2022-01-11T11:33:24.10251,,11.00
239186,C694960014,2022-01-11T12:09:23.975893,Downpayment,0.00
239187,C694960014,2022-01-11T12:09:23.975893,,141.00
239305,C667420012,2022-01-11T12:32:09.812632,Downpayment,0.00
239306,C667420012,2022-01-11T12:32:09.812632,,141.00
240774,C437000011,2022-01-12T06:17:29.290454,Downpayment,0.00
240775,C437000011,2022-01-12T06:17:29.290454,,142.00
241180,C670500016,2022-01-12T07:56:48.10511,Downpayment,0.00
241181,C670500016,2022-01-12T07:56:48.10511,,1.00
241286,C77940013,2022-01-11T10:19:51.126139,,400.00
241337,C610620015,2022-01-12T08:25:29.750966,Downpayment,0.00
241338,C610620015,2022-01-12T08:25:29.750966,,629.00
241342,C559350012,2022-01-12T08:26:58.185562,Downpayment,0.00
241343,C559350012,2022-01-12T08:26:58.185562,,16.00
241467,C420000010,2022-01-12T08:46:33.400158,Downpayment,0.00
241468,C420000010,2022-01-12T08:46:33.400158,,316.00
241478,C601090012,2022-01-12T08:47:59.582016,Downpayment,0.00
241479,C601090012,2022-01-12T08:47:59.582016,,211.00
241485,C681370011,2022-01-12T08:48:44.122253,Downpayment,0.00
241486,C681370011,2022-01-12T08:48:44.122253,,141.00
241949,C615570017,2022-01-12T10:22:28.034383,Downpayment,0.00
241951,C615570017,2022-01-12T10:22:28.034383,,3876.00
241959,C654200013,2022-01-12T10:24:21.146007,Downpayment,0.00
241960,C654200013,2022-01-12T10:24:21.146007,,141.00
241963,C684760010,2022-01-12T10:25:30.239899,Downpayment,0.00
241964,C684760010,2022-01-12T10:25:30.239899,,321.00
242188,C689240018,2022-01-12T11:16:47.735162,Downpayment,0.00
242189,C689240018,2022-01-12T11:16:47.735162,,14.00
242294,C696040013,2022-01-12T11:38:49.391344,Downpayment,0.00
242295,C696040013,2022-01-12T11:38:49.391344,,241.00
242296,C680810017,2022-01-12T11:39:11.231447,Downpayment,0.00
242297,C680810017,2022-01-12T11:39:11.231447,,141.00
242305,C675700017,2022-01-12T11:43:04.757597,Downpayment,0.00
242306,C675700017,2022-01-12T11:43:04.757597,,141.00
242421,C688510015,2022-01-12T12:11:30.419737,Downpayment,0.00
242422,C688510015,2022-01-12T12:11:30.419737,,19.00
242425,C698210010,2022-01-12T12:12:21.921977,Downpayment,0.00
242426,C698210010,2022-01-12T12:12:21.921977,,141.00
242427,C277970018,2022-01-12T12:12:43.068896,Downpayment,0.00
242428,C277970018,2022-01-12T12:12:43.068896,,157.00
242431,C102110012,2022-01-12T12:14:21.610451,Downpayment,0.00
242432,C102110012,2022-01-12T12:14:21.610451,,91.00
242434,C688510015,2022-01-12T12:15:33.177456,,100.00
242576,C695640011,2022-01-12T12:47:56.766823,Downpayment,0.00
242577,C695640011,2022-01-12T12:47:56.766823,,641.00
242578,C699120010,2022-01-12T12:48:08.829112,Downpayment,0.00
242579,C699120010,2022-01-12T12:48:08.829112,,213.00
242699,C452250012,2022-01-12T13:18:47.741643,Downpayment,0.00
242740,C53670014,2022-01-12T13:30:04.066639,,200.00
243483,C654200013,2022-01-12T19:12:32.599899,,60.00
244180,C692650013,2022-01-13T07:34:10.268488,Downpayment,0.00
244181,C692650013,2022-01-13T07:34:10.268488,,43.00
244182,C564220010,2022-01-13T07:34:20.785959,Downpayment,0.00
244183,C564220010,2022-01-13T07:34:20.785959,,113.00
244301,C700860018,2022-01-13T08:08:13.67532,Downpayment,0.00
244302,C700860018,2022-01-13T08:08:13.67532,,241.00
244309,C696820018,2022-01-13T08:10:06.633946,Downpayment,0.00
244310,C696820018,2022-01-13T08:10:06.633946,,141.00
244434,C691960017,2022-01-13T08:38:51.066055,Downpayment,0.00
244435,C691960017,2022-01-13T08:38:51.066055,,141.00
244564,C647180017,2022-01-13T09:04:54.309452,Downpayment,0.00
244565,C647180017,2022-01-13T09:04:54.309452,,248.00
244812,C678290016,2022-01-13T09:58:07.403643,Downpayment,0.00
244813,C678290016,2022-01-13T09:58:07.403643,,41.00
245418,C702290016,2022-01-13T12:20:11.476407,Downpayment,0.00
245419,C702290016,2022-01-13T12:20:11.476407,,221.00
245421,C405870023,2022-01-13T12:20:56.975284,Downpayment,0.00
245422,C405870023,2022-01-13T12:20:56.975284,,16.00
245584,C53720017,2022-01-13T12:53:56.181024,Reversed Contract Payment,-150.00
245602,C53720017,2022-01-13T12:55:42.351543,Reversed Contract Payment,-9.00
245758,C700350010,2022-01-13T13:28:24.782227,Downpayment,0.00
245759,C700350010,2022-01-13T13:28:24.782227,,41.00
246487,C654200013,2022-01-13T19:03:15.247526,,30.00
248412,C46630018,2022-01-14T11:44:16.149209,,2000.00
249550,C700350010,2022-01-14T17:29:46.909373,,20.00
249762,C654200013,2022-01-14T19:23:34.894978,,30.00
250287,C42790014,2022-01-15T07:15:31.084224,,10.00
251882,C689240018,2022-01-16T07:24:42.538468,,100.00
251991,C700350010,2022-01-16T08:50:18.850466,,40.00
252509,C57270019,2022-01-16T16:40:36.325618,,459.00
252799,C654200013,2022-01-16T19:13:34.377518,,30.00
253924,C692650013,2022-01-17T10:23:40.784766,,100.00
255252,C680810017,2022-01-17T16:08:01.348431,,20.00
255280,C65810012,2022-01-17T16:23:12.539894,,200.00
255602,C654200013,2022-01-17T19:17:37.109546,,30.00
256538,C696040013,2022-01-17T16:41:16.879788,,100.00
257135,C45090016,2022-01-18T11:45:25.905228,,50.00
257293,C680810017,2022-01-18T12:24:31.449004,,50.00
257641,C700350010,2022-01-18T15:09:06.039601,,20.00
257647,C70700018,2022-01-18T15:12:32.001411,,100.00
258045,C654200013,2022-01-18T18:25:52.856071,,30.00
258422,C58720012,2022-01-19T06:39:30.215977,,600.00
260191,C667420012,2022-01-19T15:27:39.48475,,500.00
260506,C699120010,2022-01-19T17:42:16.040297,,500.00
261541,C696040013,2022-01-19T09:32:50.570699,,100.00
262882,C700350010,2022-01-20T15:29:40.084425,,1000.00
263224,C45230018,2022-01-20T17:53:27.209986,,100.00
263236,C45230018,2022-01-20T17:58:08.812085,,110.00
263340,C654200013,2022-01-20T18:54:12.078499,,60.00
263443,C680810017,2022-01-20T22:01:29.896979,,100.00
264868,C700350010,2022-01-21T12:21:12.684325,,99.00
265802,C654200013,2022-01-21T18:53:45.241416,,30.00
266703,C696040013,2022-01-21T13:15:33.561412,,100.00
266747,C45090016,2022-01-22T10:12:34.509282,,109.00
267523,C654200013,2022-01-22T18:49:03.353019,,30.00
268471,C63730014,2022-01-23T17:23:53.138531,,1000.00
268524,C680810017,2022-01-23T17:42:37.789471,,70.00
268706,C654200013,2022-01-23T19:19:45.699651,,30.00
269047,C45230018,2022-01-24T06:15:58.942611,,60.00
269306,C678290016,2022-01-24T07:31:05.98102,,100.00
270314,C44620011,2022-01-24T12:08:28.694916,,600.00
271846,C277970018,2022-01-25T06:30:40.250856,,600.00
271870,C696820018,2022-01-25T06:37:48.1109,,25.00
271985,C675700017,2022-01-25T07:13:25.785918,,60.00
273710,C45230018,2022-01-25T17:11:31.531977,,127.00
273855,C70700018,2022-01-25T17:50:52.664915,,100.00
273912,C696040013,2022-01-25T18:12:47.35163,,100.00
274083,C654200013,2022-01-25T19:52:15.438747,,90.00
274530,C670500016,2022-01-26T06:04:27.765132,,669.00
275634,C55560015,2022-01-26T10:23:08.10805,,500.00
275927,C45540010,2022-01-26T11:55:42.579155,,500.00
276187,C692650013,2022-01-26T13:14:29.016528,,100.00
276867,C689240018,2022-01-26T18:14:58.653451,,100.00
279541,C55130017,2022-01-27T14:11:14.341549,,400.00
280054,C75810010,2022-01-27T17:59:36.285613,,2000.00
282620,C77920015,2022-01-28T17:17:13.982948,,1000.00
282871,C654200013,2022-01-28T19:06:11.274874,,30.00
283048,C696820018,2022-01-29T05:00:13.217381,,100.00
285459,C691960017,2022-01-30T15:00:20.411892,,30.00
285515,C678290016,2022-01-30T15:35:25.279153,,100.00
285802,C689240018,2022-01-30T17:35:17.210286,,200.00
285945,C654200013,2022-01-30T18:32:56.624038,,30.00
287174,C58720012,2022-01-31T10:54:14.339879,,500.00
288100,C696040013,2022-01-31T16:32:00.934228,,100.00
288111,C696040013,2022-01-31T16:34:53.737861,,120.00
289270,C647830017,2022-02-01T08:04:58.679275,,100.00
289855,C49710015,2022-01-31T18:05:47.875553,,2000.00
290352,C692650013,2022-02-01T13:29:16.267652,,100.00
290498,C49980014,2022-01-25T12:11:14.785363,,100.00
290901,C102110012,2022-02-01T16:53:35.629358,,180.00
292401,C72840010,2022-02-02T08:22:28.146164,Reversed Contract Payment,-62.00
292402,C72840010,2022-02-02T08:22:36.643077,Reversed Contract Payment,-62.00
292403,C72840010,2022-02-02T08:22:49.073437,Reversed Contract Payment,-62.00
292404,C72840010,2022-02-02T08:22:57.139566,Reversed Contract Payment,-62.00
292536,C647830017,2022-02-01T12:02:39.109486,,100.00
293631,C72840010,2022-02-02,,238.00
294648,C696820018,2022-02-02T21:39:23.576075,,200.00
295140,C691960017,2022-02-03T06:48:47.383954,,400.00
295388,C45130010,2022-02-02T19:44:11.736039,,120.00
295954,C77400018,2022-02-03T11:36:18.754248,,600.00
297241,C564220010,2022-02-03T19:27:44.34405,,200.00
299386,C45230018,2022-02-04T17:09:44.083095,,71.00
299498,C678290016,2022-02-04T17:46:21.747006,,200.00
299781,C654200013,2022-02-04T19:47:52.462596,,60.00
300163,C698210010,2022-02-05T07:05:54.355804,,375.00
301060,C45230018,2022-02-05T16:48:07.229521,,60.00
302465,C45230018,2022-02-06T17:05:49.487121,,77.00
304699,C692650013,2022-02-07T13:07:56.516479,,100.00
304845,C379060015,2022-02-04T13:53:22.56544,,140.00
305131,C696040013,2022-02-07T16:00:43.894077,,100.00
305489,C45120011,2022-02-07T18:00:20.3474,,400.00
307897,C610620015,2022-02-08T17:47:29.404398,,800.00
308135,C654200013,2022-02-08T19:45:53.33543,,50.00
310383,C647830017,2022-02-09T17:51:21.214935,,100.00
310838,C696820018,2022-02-10T05:20:41.176564,,127.00
311468,C43090018,2022-02-10T08:54:03.651776,,100.00
314149,C689240018,2022-02-10T19:04:44.019788,,100.00
314175,C654200013,2022-02-10T19:32:53.528307,,30.00
315160,C601090012,2022-02-11T10:32:00.51454,,290.00
316284,C680810017,2022-02-11T18:26:11.399707,,60.00
316310,C647830017,2022-02-11T18:38:49.941416,,50.00
317279,C45280013,2022-02-12T15:02:32.960324,,70.00
317768,C654200013,2022-02-12T19:24:41.013996,,30.00
321632,C63400014,2022-02-14T14:41:29.405493,,1000.00
322752,C437000011,2022-02-15T13:19:52.329934,,700.00
322794,C647830017,2022-02-15T13:32:50.402789,,50.00
324472,C647830017,2022-02-16T09:39:50.195778,,70.00
325756,C654200013,2022-02-16T19:36:22.757854,,60.00
326754,C55130017,2022-02-17T10:54:34.55012,,200.00
327631,C102110012,2022-02-17T17:27:50.377406,,175.00
329789,C647830017,2022-02-18T16:42:36.051588,,100.00
329957,C71030019,2022-02-18T17:11:45.234236,,100.00
330319,C670500016,2022-02-19T03:52:29.086372,,250.00
330730,C696820018,2022-02-19T08:50:39.823624,,500.00
330868,C696820018,2022-02-19T11:21:49.118088,,5.00
331151,C675700017,2022-02-19T15:30:58.58286,,110.00
331301,C647830017,2022-02-19T16:58:16.025787,,100.00
331558,C654200013,2022-02-19T19:20:07.621415,,60.00
334350,C696040013,2022-02-21T16:41:39.350919,,100.00
334685,C654200013,2022-02-21T19:21:56.789937,,60.00
334824,C53720017,2022-02-18T10:17:30.933439,,20.00
335669,C696820018,2022-02-22T10:46:06.613086,,10.00
336264,C647830017,2022-02-22T14:57:00.118871,,70.00
337622,C420000010,2022-02-23T10:09:29.550205,,200.00
338815,C654200013,2022-02-23T18:49:44.165337,,60.00
338826,C699120010,2022-02-23T19:00:41.500034,,150.00
340505,C654200013,2022-02-24T16:45:54.598856,,60.00
341984,C654200013,2022-02-25T19:24:21.620797,,60.00
343045,C694960014,2022-02-27T08:43:02.29576,,600.00
343552,C699120010,2022-02-27T16:02:28.740616,,1640.00
345607,C65810012,2022-02-28T16:31:06.303342,,200.00
345783,C559350012,2022-02-28T17:34:28.400963,,200.00
346526,C55560015,2022-03-01T08:11:18.961631,,500.00
349993,C680810017,2022-03-02T14:47:39.984404,,100.00
350148,C647180017,2022-03-02T16:23:55.851208,,500.00
351120,C57100018,2022-03-03T07:44:59.600288,,250.00
351660,C670500016,2022-03-03T10:52:05.506405,,400.00
352440,C46690012,2022-03-03T16:36:52.50295,,4200.00
353621,C57100018,2022-03-04T10:09:08.836003,,50.00
353931,C437000011,2022-03-04T12:02:16.189617,,200.00
356014,C45280013,2022-03-05T17:05:19.693308,,250.00
356028,C45280013,2022-03-05T17:08:37.99335,,4.00
356283,C654200013,2022-03-05T19:28:19.09344,,90.00
356498,C45280013,2022-03-06T07:11:35.804387,,100.00
356556,C696820018,2022-03-06T08:54:10.886268,,10.00
357069,C654200013,2022-03-06T17:24:37.123487,,30.00
358292,C49700016,2022-03-07T10:59:58.149266,,5000.00
359396,C45280013,2022-03-07T18:16:28.73234,,10.00
360491,C45280013,2022-03-08T09:38:46.558142,,300.00
362341,C615570017,2022-03-08T18:41:06.811725,,100.00
362416,C654200013,2022-03-08T19:33:22.674265,,90.00
362504,C691960017,2022-03-09T04:31:58.31843,,400.00
364630,C654200013,2022-03-09T19:43:31.027278,,60.00
364673,C45280013,2022-03-10T03:34:17.089687,,10.00
366348,C420000010,2022-03-10T15:20:06.69777,,200.00
366462,C689240018,2022-03-10T16:25:29.641006,,150.00
366769,C70700018,2022-03-10T18:27:56.6933,,100.00
367432,C50100015,2022-01-27T19:02:45.701556,,3.00
367433,C50100015,2022-03-10T18:17:36.02999,,50.00
368542,C42500017,2022-03-11T15:33:12.879158,,1000.00
370576,C53030011,2022-03-13T08:39:59.894907,,100.00
370954,C700350010,2022-03-13T16:17:58.508026,,50.00
371448,C700860018,2022-03-14T05:44:44.635735,,50.00
371451,C700860018,2022-03-14T05:47:16.605731,,1000.00
372366,C67440016,2022-03-14T11:23:07.319348,,1000.00
373715,C55560015,2022-03-15T07:25:37.663095,,500.00
375233,C70700018,2022-03-15T17:58:39.735235,,100.00
377271,C45280013,2022-03-16T16:53:37.549599,,10.00
377374,C64610017,2022-03-16T17:41:23.277169,,1000.00
377387,C46840013,2022-03-16T17:46:49.151174,,200.00
378799,C647830017,2022-03-17T12:19:40.666484,,100.00
379985,C41870015,2022-03-18T07:27:47.735315,,80.00
381519,C77940013,2022-03-18T18:40:07.173812,,1000.00
382767,C654200013,2022-03-19T17:07:38.81808,,90.00
383710,C654200013,2022-03-20T17:34:36.051171,,90.00
384708,C45540010,2022-03-21T10:41:29.285018,,3000.00
384942,C78010014,2022-03-21T12:07:42.547991,Manual Discount,0.00
385648,C46840013,2022-03-21T17:32:11.926773,,100.00
385872,C654200013,2022-03-22T03:59:14.066969,,60.00
386077,C54390018,2022-03-22T06:37:40.321709,,6000.00
386300,C44620011,2022-03-22T08:19:12.249121,,500.00
386657,C42500017,2022-03-21,,128.00
386658,C43450014,2022-03-21,,100.00
386660,C45230018,2022-03-21,,79.00
386661,C46630018,2022-03-21,,153.00
386663,C41870015,2022-03-21,,132.00
386667,C37840014,2022-03-21,,3.00
386670,C51350015,2022-03-21,,23.00
386671,C46690012,2022-03-21,,232.00
386674,C46840013,2022-03-22T09:05:25.46388,,196.00
386676,C50100015,2022-03-21,,128.00
386679,C57100018,2022-03-21,,130.00
386682,C56390016,2022-03-21,,89.00
386686,C47390018,2022-03-21,,179.00
386691,C45160017,2022-03-21,,213.00
386692,C61160016,2022-03-21,,195.00
386693,C45120011,2022-03-21,,114.00
386694,C50770015,2022-03-21,,107.00
386696,C65810012,2022-03-21,,89.00
386698,C65860017,2022-03-21,,54.00
386700,C63490015,2022-03-21,,73.00
386702,C70030010,2022-03-21,,76.00
386703,C70360011,2022-03-21,,104.00
386704,C73260010,2022-03-21,,222.00
386708,C70700018,2022-03-21,,240.00
386709,C47530019,2022-03-21,,1974.00
386710,C51360014,2022-03-21,,229.00
386713,C63600019,2022-03-21,,121.00
386714,C74880014,2022-03-21,,33.00
386715,C64610017,2022-03-21,,245.00
386716,C45930013,2022-03-21,,192.00
386718,C76320019,2022-03-21,,156.00
386720,C45620010,2022-03-21,,165.00
386722,C44620011,2022-03-22T09:05:40.176162,,201.00
386723,C77940013,2022-03-21,,195.00
386724,C77380012,2022-03-21,,247.00
386726,C72840010,2022-03-21,,221.00
386727,C52180015,2022-03-21,,99.00
386728,C77030013,2022-03-21,,35.00
386729,C71030019,2022-03-21,,197.00
386730,C70350012,2022-03-21,,136.00
387415,C559350012,2022-03-22T10:39:52.269686,,150.00
388415,C654200013,2022-03-22T19:38:19.198466,,60.00
388871,C57210015,2022-03-23T07:36:22.363986,,1000.00
389412,C41540014,2022-03-23T11:01:14.909217,,135.00
390416,C654200013,2022-03-23T18:41:44.640215,,100.00
391165,C44620011,2022-03-24T09:17:01.885074,,600.00
392285,C698210010,2022-03-24T19:08:34.298054,,376.00
392286,C654200013,2022-03-24T19:09:34.609632,,45.00
392353,C68190016,2022-03-25T04:17:27.915663,,1240.00
393043,C601090012,2022-03-25T09:38:50.615589,,100.00
395112,C420000010,2022-03-26T15:04:22.719992,,100.00
395568,C45280013,2022-03-27T07:46:24.669423,,300.00
398407,C670500016,2022-03-29T11:00:11.490728,,500.00
398880,C689240018,2022-03-29T13:19:56.59266,,200.00
400907,C77400018,2022-03-30T10:04:09.643971,,2900.00
402797,C49710015,2022-03-31T07:41:07.634298,,2000.00
403143,C46840013,2022-03-31T10:13:18.147918,,400.00
407013,C694960014,2022-04-02T16:16:47.050155,,600.00
407195,C46840013,2022-04-02T17:37:19.760095,,100.00
408436,C654200013,2022-04-03T19:29:56.553261,,100.00
410772,C654200013,2022-04-04T18:26:01.360695,,60.00
412879,C44620011,2022-04-05T18:49:38.373083,,300.00
413438,C49700016,2022-04-06T07:26:59.559477,,1686.00
413653,C670500016,2022-04-06T08:51:20.760283,,375.00
413784,C77940013,2022-04-06T10:01:09.735187,,500.00
415231,C46840013,2022-04-07T06:39:59.473265,,550.00
416203,C691960017,2022-04-07T14:49:20.707043,,1000.00
416577,C615570017,2022-04-07T18:22:51.645207,,200.00
416636,C654200013,2022-04-07T18:59:57.99193,,100.00
418219,C694960014,2022-04-08T17:17:58.042296,,60.00
418424,C654200013,2022-04-08T19:20:16.04453,,60.00
420477,C698210010,2022-04-10T17:40:31.497916,,380.00
420675,C70700018,2022-04-10T20:44:29.208099,,100.00
422042,C694960014,2022-04-11T17:29:18.456053,,100.00
422629,C102110012,2022-04-12T07:30:18.392965,,170.00
423086,C65810012,2022-04-12T11:52:31.978353,,200.00
424677,C46630018,2022-04-13T11:25:36.902192,,945.00
425009,C700350010,2022-04-13T15:03:24.258338,,50.00
425379,C70700018,2022-04-13T18:05:16.648417,,100.00
428486,C700350010,2022-04-16T16:21:33.440475,,50.00
428745,C654200013,2022-04-16T18:44:46.997655,,100.00
429023,C670500016,2022-04-17T08:39:08.689001,,200.00
429788,C678290016,2022-04-18T08:43:14.072277,,100.00
430536,C615570017,2022-04-18T19:20:01.674615,,200.00
431724,C696820018,2022-04-19T12:11:43.493983,,10.00
432235,C654200013,2022-04-19T17:43:58.280873,,50.00
433985,C79210019,2022-04-21T07:27:15.581012,,900.00
435004,C654200013,2022-04-21T19:00:11.391331,,60.00
437135,C610620015,2022-04-23T14:17:22.771121,,1000.00
437818,C420000010,2022-04-24T13:49:01.100357,,100.00
440499,C55560015,2022-04-26T14:17:33.303531,,500.00
441626,C670500016,2022-04-27T12:24:07.106593,,490.00
442268,C49710015,2022-04-28T05:24:02.780916,,500.00
443334,C654200013,2022-04-28T18:13:57.978593,,70.00
444500,C44620011,2022-04-30T07:29:30.237028,,280.00
444865,C55130017,2022-04-30T16:10:53.46975,,100.00
445445,C45280013,2022-05-01T10:43:15.877833,,50.00
445725,C420000010,2022-05-01T15:33:45.177319,,300.00
446411,C45280013,2022-05-02T12:46:05.306947,,400.00
446886,C654200013,2022-05-02T18:50:25.910823,,100.00
447841,C654200013,2022-05-03T18:39:32.587546,,55.00
448742,C696820018,2022-05-04T11:17:00.745085,,5.00
449908,C680810017,2022-05-05T08:22:24.883585,,300.00
450616,C647830017,2022-05-05T16:56:17.356803,,100.00
451632,C691960017,2022-05-06T13:25:36.499863,,250.00
452074,C70350012,2022-05-06T17:37:28.842777,,500.00
454602,C689240018,2022-05-09T06:18:08.364782,,200.00
455263,C420000010,2022-05-09T11:22:46.484868,,300.00
455311,C670500016,2022-05-09T12:02:21.920618,,400.00
455863,C601090012,2022-05-09T16:24:27.582214,,10.00
457771,C70700018,2022-05-10T19:18:10.95746,,100.00
457783,C70700018,2022-05-10T19:30:34.870281,,100.00
459992,C694960014,2022-05-12T10:57:42.917645,,100.00
460384,C277970018,2022-05-12T15:44:26.856926,,100.00
462482,C44620011,2022-05-14T07:20:55.61583,,100.00
462506,C437000011,2022-05-14T07:38:07.939237,,300.00
584684,C45620010,2022-07-20T08:07:07.640611,,500.00
584897,C45930013,2022-07-20T09:05:16.693911,,507.00
726318,C49710015,2022-09-15T18:19:25.920902,,7.00
585068,C45930013,2022-07-20T10:05:39.151373,,2000.00
464401,C63400014,2022-05-16T08:02:10.900494,,2000.00
466646,C405870023,2022-05-17T18:40:16.40187,,1000.00
585526,C53830014,2022-07-20T12:27:14.984619,,600.00
467798,C420000010,2022-05-18T14:34:23.15609,,100.00
727022,C73550014,2022-09-16T08:26:07.242982,,2514.70
470962,C70700018,2022-05-20T17:58:55.916897,,100.00
470442,C67470013,2022-05-20T11:54:38.051852,,1500.00
471243,C45280013,2022-05-21T06:34:36.614702,,100.00
471951,C700350010,2022-05-21T17:12:43.911622,,19.00
586729,C50100015,2022-07-20T18:27:09.818637,,1000.00
586768,C405870023,2022-07-20T18:37:40.342249,,500.00
586794,C420000010,2022-07-20T18:46:33.677389,,150.00
474899,C46840013,2022-05-24T11:26:21.679749,,600.00
475208,C67470013,2022-05-24T14:46:17.037143,,1000.00
476118,C67470013,2022-05-25T08:39:42.04101,,500.00
476247,C45620010,2022-05-25T10:14:43.706983,,100.00
587343,C45280013,2022-07-21T06:33:05.791897,,300.00
478153,C70350012,2022-05-26T16:04:06.17679,,1450.00
480089,C55560015,2022-05-28T07:26:05.842479,,500.00
480133,C67470013,2022-05-28T07:58:53.956229,,600.00
481029,C700350010,2022-05-29T06:17:39.302373,,5.00
727626,C45280013,2022-09-16T11:14:40.100679,,300.00
482343,C67470013,2022-05-30T10:14:59.790216,,1900.00
482465,C670500016,2022-05-30T11:31:18.221642,,367.00
482552,C45280013,2022-05-30T12:12:29.428723,,40.00
589378,C437000011,2022-07-21T16:38:55.575278,,800.00
486026,C70700018,2022-06-01T18:00:10.234381,,100.00
487126,C696820018,2022-06-02T10:56:14.419007,,5.00
489115,C54540018,2022-06-03,,513.00
492001,C102110012,2022-06-04T10:45:01.734266,,300.00
489769,C58720012,2022-06-03,,211.00
489909,C53150017,2022-06-03,,211.00
493188,C420000010,2022-06-05T11:49:55.547689,,80.00
492840,C55130017,2022-06-05T04:21:02.80606,,500.00
495333,C79210019,2022-06-06T14:57:35.677365,,10000.00
498029,C70700018,2022-06-07T18:46:47.483818,,100.00
497383,C44620011,2022-06-07T13:34:13.633773,,250.00
497533,C46840013,2022-06-07T15:00:41.432082,,200.00
499761,C46840013,2022-06-08T16:23:11.945425,,100.00
498344,C696040013,2022-06-08T06:27:06.75745,,100.00
501487,C45280013,2022-06-09T12:00:11.277351,,50.00
501932,C45280013,2022-06-09T15:31:06.251037,,300.00
503282,C102110012,2022-06-10T10:10:25.713475,,180.00
621255,C77940013,2022-08-03T13:20:50.224782,,1000.00
506968,C46840013,2022-06-13T05:24:45.96834,,100.00
508684,C70700018,2022-06-13T18:24:27.229142,,100.00
508691,C670500016,2022-06-13T18:30:23.851614,,200.00
593975,C420000010,2022-07-23T11:45:40.719592,,100.00
511660,C67470013,2022-06-15T10:09:05.882388,,340.00
514180,C420000010,2022-06-16T13:03:24.880363,,100.00
514258,C678290016,2022-06-16T13:41:02.787592,,20.00
514672,C70700018,2022-06-16T17:32:49.93087,,100.00
596923,C77380012,2022-07-25T07:32:11.148088,,2000.00
516818,C670500016,2022-06-18T04:50:12.01573,,199.00
517339,C678290016,2022-06-18T13:58:49.518292,,50.00
520508,C53030011,2022-06-20T17:31:55.010125,,500.00
600680,C45930013,2022-07-26T11:16:50.261233,,500.00
600856,C46840013,2022-07-26T12:23:11.695799,,300.00
522226,C696040013,2022-06-21T14:42:19.913941,,40.00
731517,C53890018,2022-09-18T16:42:54.93659,,73.00
603912,C696040013,2022-07-27T15:03:43.590352,,100.00
604312,C647830017,2022-07-27T17:04:20.951876,,100.00
527981,C47390018,2022-06-24T11:59:01.239436,,300.00
605917,C670500016,2022-07-28T10:53:32.204944,,200.00
529762,C59110015,2022-06-25T16:06:06.004701,,500.00
529878,C46840013,2022-06-25T16:52:13.505331,,300.00
732784,C437000011,2022-09-19T09:10:19.032179,,700.00
530584,C47390018,2022-06-26T11:53:14.228373,,300.00
530672,C63600019,2022-06-26T13:27:00.103689,,1000.00
606494,C647830017,2022-07-28T15:01:57.990835,,100.00
530946,C696040013,2022-06-26T16:04:06.094616,,20.00
532015,C379060015,2022-06-27T08:32:01.14585,,150.00
532950,C564220010,2022-06-27T15:36:26.24179,,1400.00
533309,C437000011,2022-06-27T17:58:24.935234,,400.00
533329,C559350012,2022-06-27T18:09:01.401091,,200.00
533444,C696040013,2022-06-27T19:38:14.890976,,40.00
533495,C670500016,2022-06-28T03:25:52.282782,,300.00
533630,C420000010,2022-06-28T05:39:05.709318,,250.00
534769,C55560015,2022-06-28T13:35:52.617192,,500.00
535818,C670500016,2022-06-29T05:47:27.513489,,250.00
537214,C277970018,2022-06-29T15:18:38.329112,,300.00
540094,C44620011,2022-06-30T18:39:06.265716,,200.00
611194,C70700018,2022-07-30T18:41:53.400871,,100.00
611575,C45280013,2022-07-31T06:30:09.930191,,200.00
540764,C45280013,2022-07-01T08:45:28.868099,,600.00
540870,C670500016,2022-07-01T09:53:27.983118,,250.00
611768,C670500016,2022-07-31T09:22:50.443137,,300.00
541195,C689240018,2022-07-01T12:48:31.340515,,200.00
542150,C45280013,2022-07-01T19:10:35.554518,,30.00
611832,C688510015,2022-07-31T10:42:10.893069,,400.00
611928,C53030011,2022-07-31T12:12:32.998932,,1000.00
623348,C610620015,2022-08-04T07:58:27.501595,,500.00
542595,C45280013,2022-07-02T07:42:10.703785,,200.00
612933,C53890018,2022-08-01T02:34:28.934094,,800.00
614604,C437000011,2022-08-01T12:43:47.630617,,500.00
545448,C46840013,2022-07-04T04:13:31.780848,,100.00
546471,C700350010,2022-07-04T11:17:19.791822,,3.00
548278,C45280013,2022-07-05T05:06:40.684216,,50.00
549413,C67470013,2022-07-05T10:13:50.427759,,650.00
617692,C49710015,2022-08-02T11:56:57.057308,,3070.00
552342,C64610017,2022-07-06T11:18:20.049295,,500.00
553415,C46840013,2022-07-06T17:18:57.124126,,100.00
553700,C70700018,2022-07-06T18:31:58.590491,,200.00
555310,C437000011,2022-07-07T11:38:13.766495,,200.00
555312,C437000011,2022-07-07T11:39:12.63542,,50.00
555325,C437000011,2022-07-07T11:42:34.880356,,40.00
624453,C70350012,2022-08-04T13:01:37.946237,,500.00
624931,C53030011,2022-08-04T15:25:43.350557,,500.00
557642,C102110012,2022-07-08T10:11:33.050386,,200.00
625867,C63600019,2022-08-04T19:28:27.166312,,1000.00
558887,C647830017,2022-07-08T17:39:13.136377,,10.00
558906,C647830017,2022-07-08T17:43:53.518846,,190.00
560856,C45280013,2022-07-10T04:49:59.581859,,200.00
562019,C601090012,2022-07-10T18:24:35.881051,,150.00
562637,C57100018,2022-07-11T08:33:53.157439,,200.00
628770,C68190016,2022-08-05T19:16:12.094234,,1500.00
629209,C691960017,2022-08-06T06:33:52.240432,,20.00
563530,C452250012,2022-07-11T16:33:40.521264,,5000.00
631064,C45280013,2022-08-07T04:26:47.760342,,300.00
565414,C102110012,2022-07-12T10:41:42.275832,,200.00
565853,C420000010,2022-07-12T12:52:07.783083,,200.00
566162,C420000010,2022-07-12T14:27:48.465937,,150.00
632027,C56390016,2022-08-07T15:03:11.987668,,500.00
567627,C68190016,2022-07-13T08:05:15.882317,,100.00
741773,C45280013,2022-09-23T09:24:36.700663,,744.00
568375,C77920015,2022-07-13T12:06:40.575376,,400.00
571953,C647830017,2022-07-14T17:43:47.570368,,100.00
572237,C57100018,2022-07-14T19:23:54.029957,,70.00
572363,C67440016,2022-07-15T04:50:21.682207,,1000.00
576482,C55130017,2022-07-16T16:59:57.32979,,500.00
576776,C70700018,2022-07-16T18:22:58.549401,,200.00
579149,C688510015,2022-07-18T09:48:28.743282,,2000.00
638665,C689240018,2022-08-11T11:39:50.328688,,700.00
640624,C45540010,2022-08-12T11:51:05.733225,,1000.00
640674,C420000010,2022-08-12T12:12:09.924241,,200.00
747855,C77400018,2022-09-27T06:17:27.144018,,1222.00
747861,C77400018,2022-09-27T06:18:33.192934,,50.00
644060,C45280013,2022-08-14T08:44:18.143168,,200.00
644576,C699120010,2022-08-14T15:06:10.655325,,800.00
646187,C277970018,2022-08-15T12:06:12.146846,,200.00
750303,C77400018,2022-09-28T07:41:13.234706,,500.00
647354,C670500016,2022-08-16T05:48:59.109527,,400.00
647937,C55270011,2022-08-16T10:29:05.602926,,3000.00
752030,C405870023,2022-09-28T18:54:45.255751,,500.00
752298,C670500016,2022-09-29T06:10:03.558577,,800.00
753611,C437000011,2022-09-29T16:13:38.28883,,200.00
658475,C63600019,2022-08-21T18:19:57.407309,,200.00
661789,C601090012,2022-08-23T06:30:39.868902,,80.00
666957,C45540010,2022-08-24,,80.00
669924,C63400014,2022-08-25T07:19:28.672179,,5000.00
758458,C698210010,2022-10-02T07:14:23.447578,,500.00
671400,C73980013,2022-08-25T13:40:23.009197,,400.00
673484,C77940013,2022-08-26T09:20:11.814685,,500.00
675953,C45280013,2022-08-27T06:25:43.742937,,200.00
676068,C54390018,2022-08-27T07:15:59.479036,,1500.00
677115,C437000011,2022-08-27T15:35:21.029141,,500.00
677561,C45280013,2022-08-27T17:54:36.86439,,120.00
677784,C45930013,2022-08-28T00:03:05.3777,,200.00
677905,C610620015,2022-08-28T05:32:38.883656,,200.00
761827,C405870023,2022-10-04T08:57:51.702827,,500.00
682752,C700860018,2022-08-30T07:40:06.378085,,1000.00
763067,C610620015,2022-10-04T17:07:36.076726,,2000.00
763191,C405870023,2022-10-04T18:10:16.930467,,1000.00
685571,C55270011,2022-08-31T05:09:48.674018,,1000.00
688008,C688510015,2022-08-31T15:28:46.88113,,1200.00
688180,C696040013,2022-08-31T16:01:51.889887,,100.00
689408,C63400014,2022-09-01T05:14:40.637376,,1332.00
605498,C41870015,2022-07-28T08:12:23.731229,,1000.00
689884,C41870015,2022-09-01T07:38:37.195504,Reversed Contract Payment,-1000.00
691302,C56140015,2022-09-01T13:12:07.339253,,855.94
691309,C67470013,2022-09-01T13:15:13.706067,,1000.00
692317,C45280013,2022-09-01T17:01:09.204213,,300.00
692472,C46840013,2022-09-01T17:26:47.261402,,500.00
694853,C420000010,2022-09-02T11:26:13.893001,,100.00
697505,C45120011,2022-09-03T12:52:38.757985,,500.00
698587,C45280013,2022-09-04T06:10:31.345128,,50.00
699506,C420000010,2022-09-04T16:38:51.358986,,100.00
700439,C420000010,2022-09-05T07:02:29.54691,,1200.00
701026,C67470013,2022-09-05T09:54:42.195767,,1000.00
702191,C79210019,2022-09-05T16:42:27.887838,,9000.00
703408,C670500016,2022-09-06T07:35:16.444677,,400.00
703720,C79210019,2022-09-06T08:37:23.987286,,528.90
704094,C405870023,2022-09-06T10:11:55.699237,,250.00
708511,C67470013,2022-09-07T12:06:16.273637,,180.00
710982,C54540018,2022-09-08T11:31:55.748564,,1277.00
712366,C45280013,2022-09-09T00:57:51.197637,,200.00
712467,C67440016,2022-09-09T04:44:29.531567,,434.00
712513,C54390018,2022-09-09T05:13:01.402769,,692.00
714042,C55270011,2022-09-09T12:45:59.14687,,2000.00
716034,C77030013,2022-09-10T14:28:27.676245,,700.00
720481,C50100015,2022-09-12T20:14:39.835503,,1504.00
721858,C50100015,2022-09-13T19:24:05.584879,,1.00
721965,C67470013,2022-09-14T04:48:47.042668,,2.00
723503,C670500016,2022-09-14T15:36:12.755528,,200.00
724236,C405870023,2022-09-15T05:55:23.496701,,300.00
724441,C45540010,2022-09-15T06:59:29.438222,,3212.00
